Assets Type,InstanceID,Path,Tag,Description,bbox_min_meters,bbox_max_meters
IndustrialPart,IndustrialPart.a.1,/media/simple/another_Documents/isaacsim_assets/device_data/usdz/Part/banyuan.usd,DNA:D_{J}(a),"Functional Features:This object is a Woodruff key model. Functionally, it is a standard connecting component in mechanical transmission systems, mainly used for circumferential fixation between shafts and hubs to transmit torque and prevent relative rotation. It is suitable for shaft-hub connections in machine tools, automobiles, and general machinery. With a simple structure and easy installation, it can withstand medium loads and is a commonly used positioning and force-transmitting element in mechanical transmission. 
Visual Features: Visually, the model is light gray overall, with a standard Woodruff key profile, featuring curved sides and a flat top with smooth edge transitions. The surface has a matte mockup texture without additional textures or details, presenting a neat and concise form.","(-0.15716230392456054, -0.05, -0.06498075008392334)","(0.15716230392456054, 0.05, 0.06498075008392334)"
IndustrialPart,IndustrialPart.b.1,/media/simple/another_Documents/isaacsim_assets/device_data/usdz/Part/banyuanjian.usd,DNA:D_{J}(b),"Functional Features:This object is a Woodruff key model. Functionally, it is a standard connecting component in mechanical transmission systems, mainly used for circumferential fixation between shafts and hubs to transmit torque and prevent relative rotation. It is suitable for shaft-hub connections in machine tools, automobiles, and general machinery. With a simple structure and easy installation, it can withstand medium loads and is a commonly used positioning and force-transmitting element in mechanical transmission. 
Visual Features: Visually, the model is light gray overall, with a standard Woodruff key profile, featuring curved sides and a flat top with smooth edge transitions. The surface has a matte mockup texture without additional textures or details, presenting a neat and concise form.","(-0.1907878112792969, -0.05, -0.07)","(0.1907878112792969, 0.05, 0.07)"
IndustrialPart,IndustrialPart.c.1,/media/simple/another_Documents/isaacsim_assets/device_data/usdz/Part/hua.usd,DNA:D_{J}(c),"Functional Features:This object is a spline hub model. Functionally, it is a core connecting component in mechanical transmission, achieving circumferential fixation between shafts and hubs via external splines to transmit high torque while providing centering and guiding functions. It is suitable for power transmission scenarios in automobiles, machine tools, and construction machinery. Compared with flat key connections, it features higher load capacity and coaxiality, ideal for heavy-duty or sliding transmission structures.
Visual Features: Visually, the model is light gray as a standard mockup, with a circular main body and evenly distributed rectangular splines on the periphery. The surface is smooth without texture details, presenting a neat geometric form with clear edge transitions.","(-0.17759679794311523, -0.05700000286102295, -0.17997480392456056)","(0.17759679794311523, 0.05700000286102295, 0.17997480392456056)"
IndustrialPart,IndustrialPart.d.1,/media/simple/another_Documents/isaacsim_assets/device_data/usdz/Part/huajian.usd,DNA:D_{J}(d),"Functional Features:This object is a spline hub model. Functionally, it is a core connecting component in mechanical transmission, achieving circumferential fixation between shafts and hubs via external splines to transmit high torque while providing centering and guiding functions. It is suitable for power transmission scenarios in automobiles, machine tools, and construction machinery. Compared with flat key connections, it features higher load capacity and coaxiality, ideal for heavy-duty or sliding transmission structures.
Visual Features: Visually, the model is light gray as a standard mockup, with a circular main body and evenly distributed rectangular splines on the periphery. The surface is smooth without texture details, presenting a neat geometric form with clear edge transitions.","(-0.12454450607299805, -0.05, -0.1299709129333496)","(0.12454450607299805, 0.05, 0.1299709129333496)"
IndustrialPart,IndustrialPart.e.1,/media/simple/another_Documents/isaacsim_assets/device_data/usdz/Part/ping.usd,DNA:D_{J}(e),"Functional Features:This object is a flat key model. Functionally, it is one of the most basic standard connecting components in mechanical transmission systems, used for circumferential fixation between shafts and hubs to transmit torque and prevent relative rotation. It is widely applied in shaft-hub connections of machine tools, automobiles, and general machinery. With a simple structure, easy installation, and low cost, it meets the transmission needs of small and medium loads, making it one of the most commonly used positioning and force-transmitting elements in mechanical transmission. 
Visual Features: Visually, the model is light gray as a standard mockup, with a long prismatic main body, one end square and the other rounded. The surface is smooth without texture details, presenting a neat geometric form with clear edge transitions.","(-0.19999719619750977, -0.006000000238418579, -0.01800000071525574)","(0.19999719619750977, 0.006000000238418579, 0.01800000071525574)"
IndustrialPart,IndustrialPart.f.1,/media/simple/another_Documents/isaacsim_assets/device_data/usdz/Part/pingjian.usd,DNA:D_{J}(f),"Functional Features:This object is a flat key model. Functionally, it is one of the most basic standard connecting components in mechanical transmission systems, used for circumferential fixation between shafts and hubs to transmit torque and prevent relative rotation. It is widely applied in shaft-hub connections of machine tools, automobiles, and general machinery. With a simple structure, easy installation, and low cost, it meets the transmission needs of small and medium loads, making it one of the most commonly used positioning and force-transmitting elements in mechanical transmission. 
Visual Features: Visually, the model is light gray as a standard mockup, with a long prismatic main body, one end square and the other rounded. The surface is smooth without texture details, presenting a neat geometric form with clear edge transitions.","(-0.125, -0.035, -0.04)","(0.125, 0.035, 0.04)"
IndustrialPart,IndustrialPart.g.1,/media/simple/another_Documents/isaacsim_assets/device_data/usdz/Part/qiexiang.usd,DNA:D_{J}(g),"Functional Features:This object is a tangent key model. Functionally, it is a shaft-hub connecting component for heavy-load conditions in mechanical transmission, relying on wedge action of inclined surfaces to transmit large torque and achieve both circumferential and axial fixation. It is widely used in transmission connections of heavy machinery, mining equipment, and large rolling mills. Compared with flat keys, it has higher load capacity, suitable for heavy-load conditions with impact loads or bidirectional transmission needs. 
Visual Features: Visually, the model is light gray as a standard mockup, with a short prismatic main body with slightly rounded edges. The surface is smooth without texture details, presenting a neat geometric form.","(-0.05, -0.05, -0.07525000095367432)","(0.05, 0.05, 0.07525000095367432)"
IndustrialPart,IndustrialPart.h.1,/media/simple/another_Documents/isaacsim_assets/device_data/usdz/Part/qiexiangjian.usd,DNA:D_{J}(h),"Functional Features:This object is a tangent key model. Functionally, it is a shaft-hub connecting component for heavy-load conditions in mechanical transmission, relying on wedge action of inclined surfaces to transmit large torque and achieve both circumferential and axial fixation. It is widely used in transmission connections of heavy machinery, mining equipment, and large rolling mills. Compared with flat keys, it has higher load capacity, suitable for heavy-load conditions with impact loads or bidirectional transmission needs. 
Visual Features: Visually, the model is light gray as a standard mockup, with a short prismatic main body with slightly rounded edges. The surface is smooth without texture details, presenting a neat geometric form.","(-0.5, -0.035, -0.050750079154968264)","(0.5, 0.035, 0.050750079154968264)"
IndustrialPart,IndustrialPart.i.1,/media/simple/another_Documents/isaacsim_assets/device_data/usdz/Part/xie.usd,DNA:D_{J}(i),"Functional Features:This object is a taper key model. Functionally, it is a connecting component with both circumferential and axial fixing functions in mechanical transmission. It achieves bidirectional positioning between the shaft and hub through wedge action, transmitting torque while withstanding axial loads. Widely used in heavy-duty equipment with impact loads (such as mining machinery and heavy machine tools), it features a simple structure and strong self-locking property, suitable for fixed connections that do not require frequent disassembly.
Visual Features: Visually, the model is light gray as a standard mockup, with a tapered long prismatic main body, one end square and the other rounded. The surface is smooth without texture details, with soft edge transitions and a neat, concise form.","(-0.24999900817871093, -0.025, -0.05)","(0.24999900817871093, 0.025, 0.05)"
IndustrialPart,IndustrialPart.j.1,/media/simple/another_Documents/isaacsim_assets/device_data/usdz/Part/xiejian.usd,DNA:D_{J}(j),"Functional Features:This object is a taper key model. Functionally, it is a connecting component with both circumferential and axial fixing functions in mechanical transmission. It achieves bidirectional positioning between the shaft and hub through wedge action, transmitting torque while withstanding axial loads. Widely used in heavy-duty equipment with impact loads (such as mining machinery and heavy machine tools), it features a simple structure and strong self-locking property, suitable for fixed connections that do not require frequent disassembly.
Visual Features: Visually, the model is light gray as a standard mockup, with a tapered long prismatic main body, one end square and the other rounded. The surface is smooth without texture details, with soft edge transitions and a neat, concise form.","(-0.09, -0.02, -0.035)","(0.09, 0.02, 0.035)"
IndustrialPart,IndustrialPart.k.1,/media/simple/another_Documents/isaacsim_assets/device_data/usdz/Part/C080.usd,DNA:D_{J}(aa),"Functional Features: This object is an electrical or circuit-related component. Functionally, it is used to connect, route, support, insulate, or protect signal and power interfaces inside industrial equipment. It is suitable for control panels, sensor modules, test fixtures, robotic tooling, automated conveyors, and mechatronic assemblies where reliable electrical contact and compact packaging are important.
Visual Features: Visually, the model presents a gold and silver circuit probe assembly with a cylindrical body, small vertical pin cluster, and side connector block. The material appears to combine plastic, transparent resin, metal terminals, and insulated housings, with small connector features, smooth molded faces, and compact surfaces suited to electrical packaging. Overall, the simplified CAD-style geometry emphasizes the part's working clearances, connection points, and installation orientation for downstream scene construction and retrieval.","(-0.04282600060105324, -0.0336339995265007, -0.1379919946193695)","(0.06206800043582916, 0.03972399979829788, 0.12240800261497498)"
IndustrialPart,IndustrialPart.k.2,/media/simple/another_Documents/isaacsim_assets/device_data/usdz/Part/C081.usd,DNA:D_{J}(ab),"Functional Features: This object is an optical, sensing, or illumination-related component. Functionally, it is used to mount, protect, guide, or expose lenses, sensors, light paths, or inspection heads for machine vision and detection tasks. It is suitable for robotic perception, quality inspection, barcode reading, alignment stations, safety sensors, and automated workcells that depend on stable optical positioning.
Visual Features: Visually, the model presents a slim gray optical or sensor probe with a cylindrical head, black lens-like end, and long needle-shaped tail. The material appears to combine coated plastic, metal, and transparent lens-like elements, with smooth cylindrical apertures, dark inner openings, and clean surfaces that help control light and sensor alignment. Overall, the simplified CAD-style geometry emphasizes the part's working clearances, connection points, and installation orientation for downstream scene construction and retrieval.","(-0.01190400030463934, -0.011900000274181366, -0.013100000098347664)","(0.011900000274181366, 0.011970000341534615, 0.09399999678134918)"
IndustrialPart,IndustrialPart.k.3,/media/simple/another_Documents/isaacsim_assets/device_data/usdz/Part/C082.usd,DNA:D_{J}(ac),"Functional Features: This object is a manufacturing tool or tool-holder component. Functionally, it is used to hold, guide, operate, or interface with workpieces during machining, assembly, adjustment, or manual service. It is suitable for workshops, inspection stations, machine setup, robotic tooling preparation, and maintenance tasks where operators need repeatable handling and controlled contact with parts.
Visual Features: Visually, the model presents a hand-tool-like lever with a long gray shaft, black rounded handle, and small dark pivot head. The material appears to be metal or hard engineering plastic, with handle-like geometry, split jaws, smooth grips, and practical surfaces intended for repeated workshop handling. Overall, the simplified CAD-style geometry emphasizes the part's working clearances, connection points, and installation orientation for downstream scene construction and retrieval.","(-0.1094990000128746, -0.016496000811457634, -0.019750000908970833)","(0.09724999964237213, 0.01650400087237358, 0.019750000908970833)"
IndustrialPart,IndustrialPart.k.4,/media/simple/another_Documents/isaacsim_assets/device_data/usdz/Part/C083.usd,DNA:D_{J}(ad),"Functional Features: This object is an optical, sensing, or illumination-related component. Functionally, it is used to mount, protect, guide, or expose lenses, sensors, light paths, or inspection heads for machine vision and detection tasks. It is suitable for robotic perception, quality inspection, barcode reading, alignment stations, safety sensors, and automated workcells that depend on stable optical positioning.
Visual Features: Visually, the model presents a black cylindrical optical indicator with a clear domed lens, ribbed transparent band, and dark base. The material appears to combine coated plastic, metal, and transparent lens-like elements, with smooth cylindrical apertures, dark inner openings, and clean surfaces that help control light and sensor alignment. Overall, the simplified CAD-style geometry emphasizes the part's working clearances, connection points, and installation orientation for downstream scene construction and retrieval.","(-0.03849999979138374, -0.08792299777269363, -0.038499001413583755)","(0.03849999979138374, 0.09357699751853943, 0.038499001413583755)"
IndustrialPart,IndustrialPart.k.5,/media/simple/another_Documents/isaacsim_assets/device_data/usdz/Part/C084.usd,DNA:D_{J}(ae),"Functional Features: This object is a transmission or motion-transfer component. Functionally, it helps transmit torque, guide rotation, support sliding motion, or connect moving mechanical modules. It is suitable for conveyors, rotary fixtures, small gearboxes, linear guides, robot tooling, and machine drives where controlled movement, alignment, and mechanical load transfer are required.
Visual Features: Visually, the model presents a black bearing housing with a central circular insert, two base feet, side bolts, and a rounded top arch. The material appears to be machined metal or durable coated engineering material, with circular bores, pins, hubs, ribs, and smooth load-bearing faces for motion transfer. Overall, the simplified CAD-style geometry emphasizes the part's working clearances, connection points, and installation orientation for downstream scene construction and retrieval.","(-0.07144100219011307, -0.029875999316573143, -0.033330999314785004)","(0.07143399864435196, 0.030448999255895615, 0.05088699981570244)"
IndustrialPart,IndustrialPart.k.6,/media/simple/another_Documents/isaacsim_assets/device_data/usdz/Part/C085.usd,DNA:D_{J}(af),"Functional Features: This object is an electronic enclosure or protective housing. Functionally, it is used to hold sensors, circuit boards, connectors, lamps, or small control modules while protecting them from dust, incidental impact, and handling damage. It is suitable for automation cabinets, robotic end effectors, inspection devices, warehouse equipment, and embedded machine-control stations where electronics need a compact protective shell.
Visual Features: Visually, the model presents a white electronic housing with an angled valve-like body, square top cap, side flange, and smooth molded surfaces. The material appears to be molded plastic, translucent resin, or coated metal, with smooth walls, rounded corners, shallow recesses, and clean molded or machined surfaces for compact device packaging. Overall, the simplified CAD-style geometry emphasizes the part's working clearances, connection points, and installation orientation for downstream scene construction and retrieval.","(-0.048204001039266586, -0.032999999821186066, -0.09150999784469604)","(0.08261000365018845, 0.032999999821186066, 0.060304999351501465)"
IndustrialPart,IndustrialPart.k.7,/media/simple/another_Documents/isaacsim_assets/device_data/usdz/Part/C086.usd,DNA:D_{J}(ag),"Functional Features: This object is an electrical or circuit-related component. Functionally, it is used to connect, route, support, insulate, or protect signal and power interfaces inside industrial equipment. It is suitable for control panels, sensor modules, test fixtures, robotic tooling, automated conveyors, and mechatronic assemblies where reliable electrical contact and compact packaging are important.
Visual Features: Visually, the model presents a black circuit ring with a clear transparent top cover, small mounting tabs, and visible inner cavity. The material appears to combine plastic, transparent resin, metal terminals, and insulated housings, with small connector features, smooth molded faces, and compact surfaces suited to electrical packaging. Overall, the simplified CAD-style geometry emphasizes the part's working clearances, connection points, and installation orientation for downstream scene construction and retrieval.","(-0.037957001477479935, -0.04500199854373932, -0.06836099922657013)","(0.035489000380039215, 0.027931999415159225, 0.051096998155117035)"
IndustrialPart,IndustrialPart.k.8,/media/simple/another_Documents/isaacsim_assets/device_data/usdz/Part/C087.usd,DNA:D_{J}(ah),"Functional Features: This object is a vacuum suction or adsorption component. Functionally, it is used to grip, seal, lift, or cushion workpieces by creating contact pressure or vacuum force. It is suitable for pick-and-place robots, packaging lines, electronics assembly, logistics sorting, glass or plastic handling, and automated feeding systems where non-destructive temporary gripping is needed.
Visual Features: Visually, the model presents small black and white suction fittings with bellows sections, threaded metal posts, and soft cylindrical rubber bodies. The material appears to mix rubber, silicone, plastic, and small metal inserts, with flexible bellows, soft contact lips, glossy or frosted surfaces, and threaded connector areas for vacuum hardware. Overall, the simplified CAD-style geometry emphasizes the part's working clearances, connection points, and installation orientation for downstream scene construction and retrieval.","(-0.019999999552965164, -0.023094000294804573, -0.06358300149440765)","(0.019999999552965164, 0.023094000294804573, 0.05391699820756912)"
IndustrialPart,IndustrialPart.k.9,/media/simple/another_Documents/isaacsim_assets/device_data/usdz/Part/C088.usd,DNA:D_{J}(ai),"Functional Features: This object is a vacuum suction or adsorption component. Functionally, it is used to grip, seal, lift, or cushion workpieces by creating contact pressure or vacuum force. It is suitable for pick-and-place robots, packaging lines, electronics assembly, logistics sorting, glass or plastic handling, and automated feeding systems where non-destructive temporary gripping is needed.
Visual Features: Visually, the model presents a white circular suction cup with a hexagonal upper connector, broad flared skirt, and smooth glossy surfaces. The material appears to mix rubber, silicone, plastic, and small metal inserts, with flexible bellows, soft contact lips, glossy or frosted surfaces, and threaded connector areas for vacuum hardware. Overall, the simplified CAD-style geometry emphasizes the part's working clearances, connection points, and installation orientation for downstream scene construction and retrieval.","(-0.05493500083684921, -0.05514900013804436, -0.03493800014257431)","(0.05493500083684921, 0.05514900013804436, 0.06346199661493301)"
IndustrialPart,IndustrialPart.k.10,/media/simple/another_Documents/isaacsim_assets/device_data/usdz/Part/C089.usd,DNA:D_{J}(aj),"Functional Features: This object is a fastening or securing component. Functionally, it is used to lock, clamp, space, or connect mechanical parts so that assemblies remain stable under vibration, repeated service, and positioning loads. It is suitable for machine frames, brackets, bearing seats, modular fixtures, robotic tools, and maintenance assemblies where quick installation and dependable mechanical retention are required.
Visual Features: Visually, the model presents a black triangular fastener plate with a central circular insert, raised ribs, and small metal posts. The material appears to be steel, brass, aluminum, or dark coated metal, with machined holes, threads, ribs, pins, and robust matte surfaces designed for repeated tightening and service. Overall, the simplified CAD-style geometry emphasizes the part's working clearances, connection points, and installation orientation for downstream scene construction and retrieval.","(-0.011939999647438526, -0.053975000977516174, -0.05412299931049347)","(0.026159999892115593, 0.053975000977516174, 0.05382699891924858)"
IndustrialPart,IndustrialPart.k.11,/media/simple/another_Documents/isaacsim_assets/device_data/usdz/Part/C090.usd,DNA:D_{J}(ak),"Functional Features: This object is an electronic enclosure or protective housing. Functionally, it is used to hold sensors, circuit boards, connectors, lamps, or small control modules while protecting them from dust, incidental impact, and handling damage. It is suitable for automation cabinets, robotic end effectors, inspection devices, warehouse equipment, and embedded machine-control stations where electronics need a compact protective shell.
Visual Features: Visually, the model presents a dark gray electronic enclosure with a boxy body, curved top panel, side wall details, and small lower feet. The material appears to be molded plastic, translucent resin, or coated metal, with smooth walls, rounded corners, shallow recesses, and clean molded or machined surfaces for compact device packaging. Overall, the simplified CAD-style geometry emphasizes the part's working clearances, connection points, and installation orientation for downstream scene construction and retrieval.","(-0.05104599893093109, -0.03562700003385544, -0.026054000481963158)","(0.04642299935221672, 0.035686999559402466, 0.036242999136447906)"
IndustrialPart,IndustrialPart.k.12,/media/simple/another_Documents/isaacsim_assets/device_data/usdz/Part/C091.usd,DNA:D_{J}(al),"Functional Features: This object is a vacuum suction or adsorption component. Functionally, it is used to grip, seal, lift, or cushion workpieces by creating contact pressure or vacuum force. It is suitable for pick-and-place robots, packaging lines, electronics assembly, logistics sorting, glass or plastic handling, and automated feeding systems where non-destructive temporary gripping is needed.
Visual Features: Visually, the model presents a white suction gripper with a flanged rear disk, square front nose, and small rectangular slots at the tip. The material appears to mix rubber, silicone, plastic, and small metal inserts, with flexible bellows, soft contact lips, glossy or frosted surfaces, and threaded connector areas for vacuum hardware. Overall, the simplified CAD-style geometry emphasizes the part's working clearances, connection points, and installation orientation for downstream scene construction and retrieval.","(-0.04058000072836876, -0.056113000959157944, -0.040578000247478485)","(0.04058000072836876, 0.037634000182151794, 0.040578000247478485)"
IndustrialPart,IndustrialPart.k.13,/media/simple/another_Documents/isaacsim_assets/device_data/usdz/Part/C092.usd,DNA:D_{J}(am),"Functional Features: This object is a transmission or motion-transfer component. Functionally, it helps transmit torque, guide rotation, support sliding motion, or connect moving mechanical modules. It is suitable for conveyors, rotary fixtures, small gearboxes, linear guides, robot tooling, and machine drives where controlled movement, alignment, and mechanical load transfer are required.
Visual Features: Visually, the model presents a gray transmission housing with a curved support cradle, orange side insert, circular hub, and bolted base. The material appears to be machined metal or durable coated engineering material, with circular bores, pins, hubs, ribs, and smooth load-bearing faces for motion transfer. Overall, the simplified CAD-style geometry emphasizes the part's working clearances, connection points, and installation orientation for downstream scene construction and retrieval.","(-0.044449999928474426, -0.022224999964237213, -0.019107000902295113)","(0.044449999928474426, 0.022224999964237213, 0.025343000888824463)"
IndustrialPart,IndustrialPart.k.14,/media/simple/another_Documents/isaacsim_assets/device_data/usdz/Part/C093.usd,DNA:D_{J}(an),"Functional Features: This object is an industrial valve or flow-control component. Functionally, it is used to guide, open, close, or regulate air, liquid, coolant, or hydraulic media in automated equipment. It is suitable for pneumatic circuits, hydraulic stations, cooling loops, test benches, and production machines where controlled flow direction, sealing, and serviceable pipe connections are required.
Visual Features: Visually, the model presents a dark gray valve cap with a cylindrical stacked body, hexagonal top boss, and rounded side flanges. The material appears to combine machined brass, steel, or dark coated metal, with threaded collars, smooth cylindrical sealing surfaces, and semi-gloss finishes that suggest pressure-rated industrial use. Overall, the simplified CAD-style geometry emphasizes the part's working clearances, connection points, and installation orientation for downstream scene construction and retrieval.","(-0.04149999842047691, -0.020708000287413597, -0.041499000042676926)","(0.04149999842047691, 0.02959199994802475, 0.04149800166487694)"
IndustrialPart,IndustrialPart.k.15,/media/simple/another_Documents/isaacsim_assets/device_data/usdz/Part/C094.usd,DNA:D_{J}(ao),"Functional Features: This object is a transmission or motion-transfer component. Functionally, it helps transmit torque, guide rotation, support sliding motion, or connect moving mechanical modules. It is suitable for conveyors, rotary fixtures, small gearboxes, linear guides, robot tooling, and machine drives where controlled movement, alignment, and mechanical load transfer are required.
Visual Features: Visually, the model presents a black clevis-like transmission link with two rounded fork ears, a silver cross pin, and a central circular opening. The material appears to be machined metal or durable coated engineering material, with circular bores, pins, hubs, ribs, and smooth load-bearing faces for motion transfer. Overall, the simplified CAD-style geometry emphasizes the part's working clearances, connection points, and installation orientation for downstream scene construction and retrieval.","(-0.03803599998354912, -0.028382999822497368, -0.013271999545395374)","(0.04248199984431267, 0.028369000181555748, 0.011620000004768372)"
IndustrialPart,IndustrialPart.k.16,/media/simple/another_Documents/isaacsim_assets/device_data/usdz/Part/C095.usd,DNA:D_{J}(ap),"Functional Features: This object is a bearing or shaft-support component. Functionally, it is used to support rotating shafts, reduce friction, preserve alignment, and carry radial or light axial loads. It is suitable for conveyors, fans, rollers, rotary fixtures, small motors, and transmission mechanisms where smooth rotation and durable mechanical support are required.
Visual Features: Visually, the model presents a black bearing ring with a silver inner race, small side screws, and concentric circular shoulders. The material appears to be machined steel or coated metal, with concentric races, circular bores, bolt holes, and smooth contact surfaces for low-friction rotation. Overall, the simplified CAD-style geometry emphasizes the part's working clearances, connection points, and installation orientation for downstream scene construction and retrieval.","(-0.04000600054860115, -0.030264999717473984, -0.03998799994587898)","(0.039994001388549805, 0.025297999382019043, 0.039976999163627625)"
IndustrialPart,IndustrialPart.k.17,/media/simple/another_Documents/isaacsim_assets/device_data/usdz/Part/C096.usd,DNA:D_{J}(aq),"Functional Features: This object is a motor or actuator module. Functionally, it converts electrical energy into controlled rotary or mechanical motion and can drive small shafts, linkages, wheels, or tooling mechanisms. It is suitable for automated equipment, conveyors, robotic fixtures, sorting devices, and compact machines that require repeatable powered movement.
Visual Features: Visually, the model presents a black and gray motor or actuator module with a rectangular gearbox body, protruding shaft, and small side pins. The material appears to combine dark coated metal, gray machined housing parts, and small shaft details, with a utilitarian finish suitable for compact powered equipment. Overall, the simplified CAD-style geometry emphasizes the part's working clearances, connection points, and installation orientation for downstream scene construction and retrieval.","(-0.03328600153326988, -0.010958000086247921, -0.015955999493598938)","(0.02946300059556961, 0.012242999859154224, 0.01655600033700466)"
IndustrialPart,IndustrialPart.k.18,/media/simple/another_Documents/isaacsim_assets/device_data/usdz/Part/C097.usd,DNA:D_{J}(ar),"Functional Features: This object is a transmission or motion-transfer component. Functionally, it helps transmit torque, guide rotation, support sliding motion, or connect moving mechanical modules. It is suitable for conveyors, rotary fixtures, small gearboxes, linear guides, robot tooling, and machine drives where controlled movement, alignment, and mechanical load transfer are required.
Visual Features: Visually, the model presents a brass threaded fastener insert with a hexagonal head, circular glass-like center, and fine external threads. The material appears to be machined metal or durable coated engineering material, with circular bores, pins, hubs, ribs, and smooth load-bearing faces for motion transfer. Overall, the simplified CAD-style geometry emphasizes the part's working clearances, connection points, and installation orientation for downstream scene construction and retrieval.","(-0.01839900016784668, -0.02225000038743019, -0.02569199912250042)","(0.013601000420749187, 0.02225000038743019, 0.02569199912250042)"
IndustrialPart,IndustrialPart.l.1,/media/simple/another_Documents/isaacsim_assets/device_data/usdz/Part/M001.usd,DNA:D_{J}(as),"Functional Features: This object is an industrial fixture or clamping component. Functionally, it is used to locate, support, press, or align workpieces and auxiliary modules so that machining, assembly, inspection, and robotic handling can be repeated with stable positioning. It is suitable for machine tools, assembly jigs, palletized workstations, inspection benches, and maintenance fixtures where parts need constrained motion, clear mounting references, and reliable mechanical support.
Visual Features: Visually, the model presents a dark blue elongated locating rail with an upright end block, a semicircular rear lug, several raised pins, and small countersunk holes along the top face. The material appears to be machined steel, aluminum, or coated engineering metal, with matte to semi-gloss faces, chamfered edges, and visible bolt holes that make mounting and adjustment points easy to identify. Overall, the simplified CAD-style geometry emphasizes the part's working clearances, connection points, and installation orientation for downstream scene construction and retrieval.","(-0.15535800158977509, -0.01639300025999546, -0.03272100165486336)","(0.18246200680732727, 0.02935199998319149, 0.06395100057125092)"
IndustrialPart,IndustrialPart.l.2,/media/simple/another_Documents/isaacsim_assets/device_data/usdz/Part/M002.usd,DNA:D_{J}(at),"Functional Features: This object is an industrial valve or flow-control component. Functionally, it is used to guide, open, close, or regulate air, liquid, coolant, or hydraulic media in automated equipment. It is suitable for pneumatic circuits, hydraulic stations, cooling loops, test benches, and production machines where controlled flow direction, sealing, and serviceable pipe connections are required.
Visual Features: Visually, the model presents a gold cylindrical valve body with black elbow piping, a vertical cap, threaded end collars, and stepped connector details. The material appears to combine machined brass, steel, or dark coated metal, with threaded collars, smooth cylindrical sealing surfaces, and semi-gloss finishes that suggest pressure-rated industrial use. Overall, the simplified CAD-style geometry emphasizes the part's working clearances, connection points, and installation orientation for downstream scene construction and retrieval.","(-0.12444300204515457, -0.07556000351905823, -0.04372600093483925)","(0.11455699801445007, 0.03643999993801117, 0.06172399967908859)"
IndustrialPart,IndustrialPart.l.3,/media/simple/another_Documents/isaacsim_assets/device_data/usdz/Part/M003.usd,DNA:D_{J}(au),"Functional Features: This object is an industrial fixture or clamping component. Functionally, it is used to locate, support, press, or align workpieces and auxiliary modules so that machining, assembly, inspection, and robotic handling can be repeated with stable positioning. It is suitable for machine tools, assembly jigs, palletized workstations, inspection benches, and maintenance fixtures where parts need constrained motion, clear mounting references, and reliable mechanical support.
Visual Features: Visually, the model presents a compact dark fixture assembly with a circular front flange, small locating pins, side brackets, and a gray rectangular actuator-like block on top. The material appears to be machined steel, aluminum, or coated engineering metal, with matte to semi-gloss faces, chamfered edges, and visible bolt holes that make mounting and adjustment points easy to identify. Overall, the simplified CAD-style geometry emphasizes the part's working clearances, connection points, and installation orientation for downstream scene construction and retrieval.","(-0.04460100084543228, -0.04805700108408928, -0.07213400304317474)","(0.04429899901151657, 0.03874700143933296, 0.12116000056266785)"
IndustrialPart,IndustrialPart.l.4,/media/simple/another_Documents/isaacsim_assets/device_data/usdz/Part/M004.usd,DNA:D_{J}(av),"Functional Features: This object is an industrial fixture or clamping component. Functionally, it is used to locate, support, press, or align workpieces and auxiliary modules so that machining, assembly, inspection, and robotic handling can be repeated with stable positioning. It is suitable for machine tools, assembly jigs, palletized workstations, inspection benches, and maintenance fixtures where parts need constrained motion, clear mounting references, and reliable mechanical support.
Visual Features: Visually, the model presents a pale blue beam-style bracket with two thick bolted end plates, long rectangular side walls, and evenly spaced mounting holes. The material appears to be machined steel, aluminum, or coated engineering metal, with matte to semi-gloss faces, chamfered edges, and visible bolt holes that make mounting and adjustment points easy to identify. Overall, the simplified CAD-style geometry emphasizes the part's working clearances, connection points, and installation orientation for downstream scene construction and retrieval.","(-0.035443998873233795, -0.09877000004053116, -0.05714999884366989)","(0.031230999156832695, 0.09065499901771545, 0.05714999884366989)"
IndustrialPart,IndustrialPart.l.5,/media/simple/another_Documents/isaacsim_assets/device_data/usdz/Part/M005.usd,DNA:D_{J}(aw),"Functional Features: This object is an industrial fixture or clamping component. Functionally, it is used to locate, support, press, or align workpieces and auxiliary modules so that machining, assembly, inspection, and robotic handling can be repeated with stable positioning. It is suitable for machine tools, assembly jigs, palletized workstations, inspection benches, and maintenance fixtures where parts need constrained motion, clear mounting references, and reliable mechanical support.
Visual Features: Visually, the model presents a dark gray toggle-clamp form with a long handle, articulated jaws, hinge pins, and a perforated side plate. The material appears to be machined steel, aluminum, or coated engineering metal, with matte to semi-gloss faces, chamfered edges, and visible bolt holes that make mounting and adjustment points easy to identify. Overall, the simplified CAD-style geometry emphasizes the part's working clearances, connection points, and installation orientation for downstream scene construction and retrieval.","(-0.0220979992300272, -0.060309998691082, -0.06576400250196457)","(0.0220979992300272, 0.09616100043058395, 0.06700199842453003)"
IndustrialPart,IndustrialPart.l.6,/media/simple/another_Documents/isaacsim_assets/device_data/usdz/Part/M006.usd,DNA:D_{J}(ax),"Functional Features: This object is an industrial fixture or clamping component. Functionally, it is used to locate, support, press, or align workpieces and auxiliary modules so that machining, assembly, inspection, and robotic handling can be repeated with stable positioning. It is suitable for machine tools, assembly jigs, palletized workstations, inspection benches, and maintenance fixtures where parts need constrained motion, clear mounting references, and reliable mechanical support.
Visual Features: Visually, the model presents an orange circular fixture plate with a large central opening, concentric bolt patterns, recessed screw pockets, and rounded outside corners. The material appears to be machined steel, aluminum, or coated engineering metal, with matte to semi-gloss faces, chamfered edges, and visible bolt holes that make mounting and adjustment points easy to identify. Overall, the simplified CAD-style geometry emphasizes the part's working clearances, connection points, and installation orientation for downstream scene construction and retrieval.","(-0.09628099948167801, -0.01873200014233589, -0.07579600065946579)","(0.09167899936437607, 0.018926000222563744, 0.07660400122404099)"
IndustrialPart,IndustrialPart.l.7,/media/simple/another_Documents/isaacsim_assets/device_data/usdz/Part/M007.usd,DNA:D_{J}(ay),"Functional Features: This object is an industrial fixture or clamping component. Functionally, it is used to locate, support, press, or align workpieces and auxiliary modules so that machining, assembly, inspection, and robotic handling can be repeated with stable positioning. It is suitable for machine tools, assembly jigs, palletized workstations, inspection benches, and maintenance fixtures where parts need constrained motion, clear mounting references, and reliable mechanical support.
Visual Features: Visually, the model presents a gray segmented collet sleeve with vertical slots, tapered jaws, and a cylindrical bore for gripping round stock. The material appears to be machined steel, aluminum, or coated engineering metal, with matte to semi-gloss faces, chamfered edges, and visible bolt holes that make mounting and adjustment points easy to identify. Overall, the simplified CAD-style geometry emphasizes the part's working clearances, connection points, and installation orientation for downstream scene construction and retrieval.","(-0.05747399851679802, -0.05749800056219101, -0.10317199677228928)","(0.05747399851679802, 0.057500001043081284, 0.0768280029296875)"
IndustrialPart,IndustrialPart.l.8,/media/simple/another_Documents/isaacsim_assets/device_data/usdz/Part/M008.usd,DNA:D_{J}(az),"Functional Features: This object is a flange or mounting interface component. Functionally, it provides a rigid bolted connection between shafts, housings, pipes, bearings, or machine modules while helping maintain coaxial alignment and load transfer. It is suitable for motor mounts, rotary assemblies, pipeline joints, gearboxes, fixture bases, and industrial equipment frames that require repeatable assembly and accurate positioning.
Visual Features: Visually, the model presents a silver stepped cylindrical flange with a projecting sleeve, a circular bolt ring, and a smooth machined inner bore. The material appears to be machined metal, often aluminum or steel, with smooth circular bores, flat bolting faces, chamfered edges, and satin or polished surfaces suited to precise mounting. Overall, the simplified CAD-style geometry emphasizes the part's working clearances, connection points, and installation orientation for downstream scene construction and retrieval.","(-0.08799999952316284, -0.056471001356840134, -0.08801600337028503)","(0.08799999952316284, 0.0355289988219738, 0.08797699958086014)"
IndustrialPart,IndustrialPart.l.9,/media/simple/another_Documents/isaacsim_assets/device_data/usdz/Part/M009.usd,DNA:D_{J}(ba),"Functional Features: This object is an industrial fixture or clamping component. Functionally, it is used to locate, support, press, or align workpieces and auxiliary modules so that machining, assembly, inspection, and robotic handling can be repeated with stable positioning. It is suitable for machine tools, assembly jigs, palletized workstations, inspection benches, and maintenance fixtures where parts need constrained motion, clear mounting references, and reliable mechanical support.
Visual Features: Visually, the model presents a black triangular support bracket carrying three circular bearing-like openings, ribbed side structure, and raised mounting pads. The material appears to be machined steel, aluminum, or coated engineering metal, with matte to semi-gloss faces, chamfered edges, and visible bolt holes that make mounting and adjustment points easy to identify. Overall, the simplified CAD-style geometry emphasizes the part's working clearances, connection points, and installation orientation for downstream scene construction and retrieval.","(-0.08771400153636932, -0.01398599985986948, -0.07329799979925156)","(0.08775199949741364, 0.013057000003755093, 0.09501499682664871)"
IndustrialPart,IndustrialPart.l.10,/media/simple/another_Documents/isaacsim_assets/device_data/usdz/Part/M010.usd,DNA:D_{J}(bb),"Functional Features: This object is an electronic enclosure or protective housing. Functionally, it is used to hold sensors, circuit boards, connectors, lamps, or small control modules while protecting them from dust, incidental impact, and handling damage. It is suitable for automation cabinets, robotic end effectors, inspection devices, warehouse equipment, and embedded machine-control stations where electronics need a compact protective shell.
Visual Features: Visually, the model presents a gold tubular manifold-like housing with side branches, knurled collars, threaded caps, and a long narrow outlet tube. The material appears to be molded plastic, translucent resin, or coated metal, with smooth walls, rounded corners, shallow recesses, and clean molded or machined surfaces for compact device packaging. Overall, the simplified CAD-style geometry emphasizes the part's working clearances, connection points, and installation orientation for downstream scene construction and retrieval.","(-0.026000000536441803, -0.015510999597609043, -0.007000000216066837)","(0.03400000184774399, 0.015444000251591206, 0.1679999977350235)"
IndustrialPart,IndustrialPart.l.11,/media/simple/another_Documents/isaacsim_assets/device_data/usdz/Part/M011.usd,DNA:D_{J}(bc),"Functional Features: This object is an electronic enclosure or protective housing. Functionally, it is used to hold sensors, circuit boards, connectors, lamps, or small control modules while protecting them from dust, incidental impact, and handling damage. It is suitable for automation cabinets, robotic end effectors, inspection devices, warehouse equipment, and embedded machine-control stations where electronics need a compact protective shell.
Visual Features: Visually, the model presents a black square ring housing with a large central circular aperture, thick corner bosses, and bolt holes around the frame. The material appears to be molded plastic, translucent resin, or coated metal, with smooth walls, rounded corners, shallow recesses, and clean molded or machined surfaces for compact device packaging. Overall, the simplified CAD-style geometry emphasizes the part's working clearances, connection points, and installation orientation for downstream scene construction and retrieval.","(-0.07992299646139145, -0.02399500086903572, -0.0800430029630661)","(0.08007200062274933, 0.022115999832749367, 0.07995100319385529)"
IndustrialPart,IndustrialPart.l.12,/media/simple/another_Documents/isaacsim_assets/device_data/usdz/Part/M012.usd,DNA:D_{J}(bd),"Functional Features: This object is an industrial fixture or clamping component. Functionally, it is used to locate, support, press, or align workpieces and auxiliary modules so that machining, assembly, inspection, and robotic handling can be repeated with stable positioning. It is suitable for machine tools, assembly jigs, palletized workstations, inspection benches, and maintenance fixtures where parts need constrained motion, clear mounting references, and reliable mechanical support.
Visual Features: Visually, the model presents a gray rectangular clamp block with rounded vertical sides, two top socket fasteners, and small lower locating pins. The material appears to be machined steel, aluminum, or coated engineering metal, with matte to semi-gloss faces, chamfered edges, and visible bolt holes that make mounting and adjustment points easy to identify. Overall, the simplified CAD-style geometry emphasizes the part's working clearances, connection points, and installation orientation for downstream scene construction and retrieval.","(-0.06350000202655792, -0.0, 0.0)","(0.0, 0.15240000188350677, 0.07620000094175339)"
IndustrialPart,IndustrialPart.l.13,/media/simple/another_Documents/isaacsim_assets/device_data/usdz/Part/M013.usd,DNA:D_{J}(be),"Functional Features: This object is a manufacturing tool or tool-holder component. Functionally, it is used to hold, guide, operate, or interface with workpieces during machining, assembly, adjustment, or manual service. It is suitable for workshops, inspection stations, machine setup, robotic tooling preparation, and maintenance tasks where operators need repeatable handling and controlled contact with parts.
Visual Features: Visually, the model presents a gray cylindrical slotted tool holder with a long body, split top jaws, and a centered internal bore. The material appears to be metal or hard engineering plastic, with handle-like geometry, split jaws, smooth grips, and practical surfaces intended for repeated workshop handling. Overall, the simplified CAD-style geometry emphasizes the part's working clearances, connection points, and installation orientation for downstream scene construction and retrieval.","(-0.029208999127149582, -0.02920999936759472, -0.08972799777984619)","(0.029099000617861748, 0.02920999936759472, 0.06108500063419342)"
IndustrialPart,IndustrialPart.l.14,/media/simple/another_Documents/isaacsim_assets/device_data/usdz/Part/M014.usd,DNA:D_{J}(bf),"Functional Features: This object is an industrial fixture or clamping component. Functionally, it is used to locate, support, press, or align workpieces and auxiliary modules so that machining, assembly, inspection, and robotic handling can be repeated with stable positioning. It is suitable for machine tools, assembly jigs, palletized workstations, inspection benches, and maintenance fixtures where parts need constrained motion, clear mounting references, and reliable mechanical support.
Visual Features: Visually, the model presents a dark upright yoke clamp with stepped jaws, side holes, a central pin area, and contrasting light metal contact faces. The material appears to be machined steel, aluminum, or coated engineering metal, with matte to semi-gloss faces, chamfered edges, and visible bolt holes that make mounting and adjustment points easy to identify. Overall, the simplified CAD-style geometry emphasizes the part's working clearances, connection points, and installation orientation for downstream scene construction and retrieval.","(-0.04509500041604042, -0.04758699983358383, -0.055764999240636826)","(0.049710001796483994, 0.01889299973845482, 0.0822329968214035)"
IndustrialPart,IndustrialPart.l.15,/media/simple/another_Documents/isaacsim_assets/device_data/usdz/Part/M015.usd,DNA:D_{J}(bg),"Functional Features: This object is an industrial fixture or clamping component. Functionally, it is used to locate, support, press, or align workpieces and auxiliary modules so that machining, assembly, inspection, and robotic handling can be repeated with stable positioning. It is suitable for machine tools, assembly jigs, palletized workstations, inspection benches, and maintenance fixtures where parts need constrained motion, clear mounting references, and reliable mechanical support.
Visual Features: Visually, the model presents a flat gray polygonal clamp plate with beveled edges, two cylindrical mounting bosses, and screw holes near the perimeter. The material appears to be machined steel, aluminum, or coated engineering metal, with matte to semi-gloss faces, chamfered edges, and visible bolt holes that make mounting and adjustment points easy to identify. Overall, the simplified CAD-style geometry emphasizes the part's working clearances, connection points, and installation orientation for downstream scene construction and retrieval.","(-0.02164899930357933, -0.07211100310087204, -0.07212399691343307)","(0.027219999581575394, 0.07213699817657471, 0.07212399691343307)"
IndustrialPart,IndustrialPart.l.16,/media/simple/another_Documents/isaacsim_assets/device_data/usdz/Part/M016.usd,DNA:D_{J}(bh),"Functional Features: This object is an optical, sensing, or illumination-related component. Functionally, it is used to mount, protect, guide, or expose lenses, sensors, light paths, or inspection heads for machine vision and detection tasks. It is suitable for robotic perception, quality inspection, barcode reading, alignment stations, safety sensors, and automated workcells that depend on stable optical positioning.
Visual Features: Visually, the model presents a gray optical or rotary support module with a round flanged disk, radial spokes, a vertical shaft, and base mounting feet. The material appears to combine coated plastic, metal, and transparent lens-like elements, with smooth cylindrical apertures, dark inner openings, and clean surfaces that help control light and sensor alignment. Overall, the simplified CAD-style geometry emphasizes the part's working clearances, connection points, and installation orientation for downstream scene construction and retrieval.","(-0.05155299976468086, -0.03424699977040291, -0.05494000017642975)","(0.05798399820923805, 0.05147799849510193, 0.0990459993481636)"
IndustrialPart,IndustrialPart.l.17,/media/simple/another_Documents/isaacsim_assets/device_data/usdz/Part/M017.usd,DNA:D_{J}(bi),"Functional Features: This object is a transmission or motion-transfer component. Functionally, it helps transmit torque, guide rotation, support sliding motion, or connect moving mechanical modules. It is suitable for conveyors, rotary fixtures, small gearboxes, linear guides, robot tooling, and machine drives where controlled movement, alignment, and mechanical load transfer are required.
Visual Features: Visually, the model presents a gray transmission spool with upper and lower flanges, a central column, small fasteners, and a compact base collar. The material appears to be machined metal or durable coated engineering material, with circular bores, pins, hubs, ribs, and smooth load-bearing faces for motion transfer. Overall, the simplified CAD-style geometry emphasizes the part's working clearances, connection points, and installation orientation for downstream scene construction and retrieval.","(-0.05945099890232086, -0.05945900082588196, -0.06413000077009201)","(0.05947199836373329, 0.05945900082588196, 0.06261599808931351)"
IndustrialPart,IndustrialPart.l.18,/media/simple/another_Documents/isaacsim_assets/device_data/usdz/Part/M018.usd,DNA:D_{J}(bj),"Functional Features: This object is an industrial fixture or clamping component. Functionally, it is used to locate, support, press, or align workpieces and auxiliary modules so that machining, assembly, inspection, and robotic handling can be repeated with stable positioning. It is suitable for machine tools, assembly jigs, palletized workstations, inspection benches, and maintenance fixtures where parts need constrained motion, clear mounting references, and reliable mechanical support.
Visual Features: Visually, the model presents a cylindrical gray grip element with a dark knurled band, hexagonal top nut, bottom pin, and fine textured side surface. The material appears to be machined steel, aluminum, or coated engineering metal, with matte to semi-gloss faces, chamfered edges, and visible bolt holes that make mounting and adjustment points easy to identify. Overall, the simplified CAD-style geometry emphasizes the part's working clearances, connection points, and installation orientation for downstream scene construction and retrieval.","(-0.031049000099301338, -0.03099999949336052, -0.06410600244998932)","(0.030949000269174576, 0.03099999949336052, 0.06139399856328964)"
IndustrialPart,IndustrialPart.l.19,/media/simple/another_Documents/isaacsim_assets/device_data/usdz/Part/M019.usd,DNA:D_{J}(bk),"Functional Features: This object is an industrial fixture or clamping component. Functionally, it is used to locate, support, press, or align workpieces and auxiliary modules so that machining, assembly, inspection, and robotic handling can be repeated with stable positioning. It is suitable for machine tools, assembly jigs, palletized workstations, inspection benches, and maintenance fixtures where parts need constrained motion, clear mounting references, and reliable mechanical support.
Visual Features: Visually, the model presents a gray semicircular pedestal housing with a large circular seat, raised front cover, and a flat rectangular mounting base. The material appears to be machined steel, aluminum, or coated engineering metal, with matte to semi-gloss faces, chamfered edges, and visible bolt holes that make mounting and adjustment points easy to identify. Overall, the simplified CAD-style geometry emphasizes the part's working clearances, connection points, and installation orientation for downstream scene construction and retrieval.","(-0.030855000019073486, -0.05997199937701225, -0.040654998272657394)","(0.02934500016272068, 0.06002800166606903, 0.06734500080347061)"
IndustrialPart,IndustrialPart.l.20,/media/simple/another_Documents/isaacsim_assets/device_data/usdz/Part/M020.usd,DNA:D_{J}(bl),"Functional Features: This object is a flange or mounting interface component. Functionally, it provides a rigid bolted connection between shafts, housings, pipes, bearings, or machine modules while helping maintain coaxial alignment and load transfer. It is suitable for motor mounts, rotary assemblies, pipeline joints, gearboxes, fixture bases, and industrial equipment frames that require repeatable assembly and accurate positioning.
Visual Features: Visually, the model presents a metallic circular flange with a square projecting hub, four bolt holes, and a polished machined face. The material appears to be machined metal, often aluminum or steel, with smooth circular bores, flat bolting faces, chamfered edges, and satin or polished surfaces suited to precise mounting. Overall, the simplified CAD-style geometry emphasizes the part's working clearances, connection points, and installation orientation for downstream scene construction and retrieval.","(-0.05749800056219101, -0.028387000784277916, -0.057500001043081284)","(0.05749800056219101, 0.013113000430166721, 0.057500001043081284)"
IndustrialPart,IndustrialPart.l.21,/media/simple/another_Documents/isaacsim_assets/device_data/usdz/Part/M021.usd,DNA:D_{J}(bm),"Functional Features: This object is an industrial fixture or clamping component. Functionally, it is used to locate, support, press, or align workpieces and auxiliary modules so that machining, assembly, inspection, and robotic handling can be repeated with stable positioning. It is suitable for machine tools, assembly jigs, palletized workstations, inspection benches, and maintenance fixtures where parts need constrained motion, clear mounting references, and reliable mechanical support.
Visual Features: Visually, the model presents a light blue pillow-block support with a central cylindrical bore, triangular base wings, and two flat mounting holes. The material appears to be machined steel, aluminum, or coated engineering metal, with matte to semi-gloss faces, chamfered edges, and visible bolt holes that make mounting and adjustment points easy to identify. Overall, the simplified CAD-style geometry emphasizes the part's working clearances, connection points, and installation orientation for downstream scene construction and retrieval.","(-0.038100000470876694, -0.05714999884366989, -0.015127000398933887)","(0.038100000470876694, 0.05714999884366989, 0.03242100030183792)"
IndustrialPart,IndustrialPart.l.22,/media/simple/another_Documents/isaacsim_assets/device_data/usdz/Part/M022.usd,DNA:D_{J}(bn),"Functional Features: This object is an industrial fixture or clamping component. Functionally, it is used to locate, support, press, or align workpieces and auxiliary modules so that machining, assembly, inspection, and robotic handling can be repeated with stable positioning. It is suitable for machine tools, assembly jigs, palletized workstations, inspection benches, and maintenance fixtures where parts need constrained motion, clear mounting references, and reliable mechanical support.
Visual Features: Visually, the model presents a tall rectangular yoke block with a central window, dark inner cavity, top semicircular notch, and side slot. The material appears to be machined steel, aluminum, or coated engineering metal, with matte to semi-gloss faces, chamfered edges, and visible bolt holes that make mounting and adjustment points easy to identify. Overall, the simplified CAD-style geometry emphasizes the part's working clearances, connection points, and installation orientation for downstream scene construction and retrieval.","(-0.030205000191926956, -0.024939000606536865, -0.05458400025963783)","(0.029795000329613686, 0.025061000138521194, 0.05941599979996681)"
IndustrialPart,IndustrialPart.l.23,/media/simple/another_Documents/isaacsim_assets/device_data/usdz/Part/M023.usd,DNA:D_{J}(bo),"Functional Features: This object is an industrial fixture or clamping component. Functionally, it is used to locate, support, press, or align workpieces and auxiliary modules so that machining, assembly, inspection, and robotic handling can be repeated with stable positioning. It is suitable for machine tools, assembly jigs, palletized workstations, inspection benches, and maintenance fixtures where parts need constrained motion, clear mounting references, and reliable mechanical support.
Visual Features: Visually, the model presents a rounded vertical yoke block with a window cutout, a top saddle groove, side slot, and smooth gray cylindrical body. The material appears to be machined steel, aluminum, or coated engineering metal, with matte to semi-gloss faces, chamfered edges, and visible bolt holes that make mounting and adjustment points easy to identify. Overall, the simplified CAD-style geometry emphasizes the part's working clearances, connection points, and installation orientation for downstream scene construction and retrieval.","(-0.03531799837946892, -0.034933000802993774, -0.05400099977850914)","(0.03468199819326401, 0.03506699949502945, 0.059999000281095505)"
IndustrialPart,IndustrialPart.l.24,/media/simple/another_Documents/isaacsim_assets/device_data/usdz/Part/M024.usd,DNA:D_{J}(bp),"Functional Features: This object is an industrial fixture or clamping component. Functionally, it is used to locate, support, press, or align workpieces and auxiliary modules so that machining, assembly, inspection, and robotic handling can be repeated with stable positioning. It is suitable for machine tools, assembly jigs, palletized workstations, inspection benches, and maintenance fixtures where parts need constrained motion, clear mounting references, and reliable mechanical support.
Visual Features: Visually, the model presents a U-shaped gray clamp bracket with black inset plates, side hinge rollers, rounded corners, and visible socket screws. The material appears to be machined steel, aluminum, or coated engineering metal, with matte to semi-gloss faces, chamfered edges, and visible bolt holes that make mounting and adjustment points easy to identify. Overall, the simplified CAD-style geometry emphasizes the part's working clearances, connection points, and installation orientation for downstream scene construction and retrieval.","(-0.05586500093340874, -0.016699999570846558, -0.0538490004837513)","(0.048909999430179596, 0.012001999653875828, 0.05384700000286102)"
IndustrialPart,IndustrialPart.l.25,/media/simple/another_Documents/isaacsim_assets/device_data/usdz/Part/M025.usd,DNA:D_{J}(bq),"Functional Features: This object is an industrial fixture or clamping component. Functionally, it is used to locate, support, press, or align workpieces and auxiliary modules so that machining, assembly, inspection, and robotic handling can be repeated with stable positioning. It is suitable for machine tools, assembly jigs, palletized workstations, inspection benches, and maintenance fixtures where parts need constrained motion, clear mounting references, and reliable mechanical support.
Visual Features: Visually, the model presents a dark blue hinge clamp block with multiple countersunk holes, side pivots, and stacked rectangular jaws. The material appears to be machined steel, aluminum, or coated engineering metal, with matte to semi-gloss faces, chamfered edges, and visible bolt holes that make mounting and adjustment points easy to identify. Overall, the simplified CAD-style geometry emphasizes the part's working clearances, connection points, and installation orientation for downstream scene construction and retrieval.","(-0.04445299878716469, -0.027765000239014626, -0.04581199958920479)","(0.044447001069784164, 0.03071100078523159, 0.05578799918293953)"
IndustrialPart,IndustrialPart.l.26,/media/simple/another_Documents/isaacsim_assets/device_data/usdz/Part/M026.usd,DNA:D_{J}(br),"Functional Features: This object is a transmission or motion-transfer component. Functionally, it helps transmit torque, guide rotation, support sliding motion, or connect moving mechanical modules. It is suitable for conveyors, rotary fixtures, small gearboxes, linear guides, robot tooling, and machine drives where controlled movement, alignment, and mechanical load transfer are required.
Visual Features: Visually, the model presents a gray C-shaped transmission bracket with two protruding pins, bolt holes, rounded corners, and a bridge-like open throat. The material appears to be machined metal or durable coated engineering material, with circular bores, pins, hubs, ribs, and smooth load-bearing faces for motion transfer. Overall, the simplified CAD-style geometry emphasizes the part's working clearances, connection points, and installation orientation for downstream scene construction and retrieval.","(-0.033876001834869385, -0.037849001586437225, -0.02918500080704689)","(0.03609900176525116, 0.04870999976992607, 0.041402000933885574)"
IndustrialPart,IndustrialPart.l.27,/media/simple/another_Documents/isaacsim_assets/device_data/usdz/Part/M027.usd,DNA:D_{J}(bs),"Functional Features: This object is a flange or mounting interface component. Functionally, it provides a rigid bolted connection between shafts, housings, pipes, bearings, or machine modules while helping maintain coaxial alignment and load transfer. It is suitable for motor mounts, rotary assemblies, pipeline joints, gearboxes, fixture bases, and industrial equipment frames that require repeatable assembly and accurate positioning.
Visual Features: Visually, the model presents a gray circular flanged pulley-like disk with concentric rings, a raised central boss, side slots, and small pin details. The material appears to be machined metal, often aluminum or steel, with smooth circular bores, flat bolting faces, chamfered edges, and satin or polished surfaces suited to precise mounting. Overall, the simplified CAD-style geometry emphasizes the part's working clearances, connection points, and installation orientation for downstream scene construction and retrieval.","(-0.05060200020670891, -0.02115200087428093, -0.050606001168489456)","(0.05060200020670891, 0.015363999642431736, 0.050592999905347824)"
IndustrialPart,IndustrialPart.l.28,/media/simple/another_Documents/isaacsim_assets/device_data/usdz/Part/M028.usd,DNA:D_{J}(bt),"Functional Features: This object is a flange or mounting interface component. Functionally, it provides a rigid bolted connection between shafts, housings, pipes, bearings, or machine modules while helping maintain coaxial alignment and load transfer. It is suitable for motor mounts, rotary assemblies, pipeline joints, gearboxes, fixture bases, and industrial equipment frames that require repeatable assembly and accurate positioning.
Visual Features: Visually, the model presents a compact dark flange block with a rounded triangular footprint, a large vertical bore, and smaller auxiliary holes. The material appears to be machined metal, often aluminum or steel, with smooth circular bores, flat bolting faces, chamfered edges, and satin or polished surfaces suited to precise mounting. Overall, the simplified CAD-style geometry emphasizes the part's working clearances, connection points, and installation orientation for downstream scene construction and retrieval.","(-0.05465700104832649, -0.03400000184774399, -0.025012999773025513)","(0.044342998415231705, 0.03400000184774399, 0.024986999109387398)"
IndustrialPart,IndustrialPart.l.29,/media/simple/another_Documents/isaacsim_assets/device_data/usdz/Part/M029.usd,DNA:D_{J}(bu),"Functional Features: This object is an industrial fixture or clamping component. Functionally, it is used to locate, support, press, or align workpieces and auxiliary modules so that machining, assembly, inspection, and robotic handling can be repeated with stable positioning. It is suitable for machine tools, assembly jigs, palletized workstations, inspection benches, and maintenance fixtures where parts need constrained motion, clear mounting references, and reliable mechanical support.
Visual Features: Visually, the model presents a gold tubular clamp or connector with a long hollow barrel, hex collar, stepped rings, and a smooth cylindrical outlet. The material appears to be machined steel, aluminum, or coated engineering metal, with matte to semi-gloss faces, chamfered edges, and visible bolt holes that make mounting and adjustment points easy to identify. Overall, the simplified CAD-style geometry emphasizes the part's working clearances, connection points, and installation orientation for downstream scene construction and retrieval.","(-0.013500000350177288, -0.015510999597609043, -0.04064000025391579)","(0.013500000350177288, 0.015510999597609043, 0.04836000129580498)"
IndustrialPart,IndustrialPart.l.30,/media/simple/another_Documents/isaacsim_assets/device_data/usdz/Part/M030.usd,DNA:D_{J}(bv),"Functional Features: This object is a vacuum suction or adsorption component. Functionally, it is used to grip, seal, lift, or cushion workpieces by creating contact pressure or vacuum force. It is suitable for pick-and-place robots, packaging lines, electronics assembly, logistics sorting, glass or plastic handling, and automated feeding systems where non-destructive temporary gripping is needed.
Visual Features: Visually, the model presents a gray suction nozzle body with a hexagonal lower shape, vertical neck, internal bore, and broad rounded shoulders. The material appears to mix rubber, silicone, plastic, and small metal inserts, with flexible bellows, soft contact lips, glossy or frosted surfaces, and threaded connector areas for vacuum hardware. Overall, the simplified CAD-style geometry emphasizes the part's working clearances, connection points, and installation orientation for downstream scene construction and retrieval.","(-0.013500000350177288, -0.015510999597609043, -0.04064000025391579)","(0.013500000350177288, 0.015510999597609043, 0.04836000129580498)"
IndustrialPart,IndustrialPart.l.31,/media/simple/another_Documents/isaacsim_assets/device_data/usdz/Part/M031.usd,DNA:D_{J}(bw),"Functional Features: This object is a flange or mounting interface component. Functionally, it provides a rigid bolted connection between shafts, housings, pipes, bearings, or machine modules while helping maintain coaxial alignment and load transfer. It is suitable for motor mounts, rotary assemblies, pipeline joints, gearboxes, fixture bases, and industrial equipment frames that require repeatable assembly and accurate positioning.
Visual Features: Visually, the model presents a pale green pillow-block flange support with a central circular bore, sloped side walls, and base holes. The material appears to be machined metal, often aluminum or steel, with smooth circular bores, flat bolting faces, chamfered edges, and satin or polished surfaces suited to precise mounting. Overall, the simplified CAD-style geometry emphasizes the part's working clearances, connection points, and installation orientation for downstream scene construction and retrieval.","(-0.034949999302625656, -0.044449999928474426, -0.01635099947452545)","(0.034949999302625656, 0.044449999928474426, 0.02510100044310093)"
IndustrialPart,IndustrialPart.l.32,/media/simple/another_Documents/isaacsim_assets/device_data/usdz/Part/M032.usd,DNA:D_{J}(bx),"Functional Features: This object is an industrial fixture or clamping component. Functionally, it is used to locate, support, press, or align workpieces and auxiliary modules so that machining, assembly, inspection, and robotic handling can be repeated with stable positioning. It is suitable for machine tools, assembly jigs, palletized workstations, inspection benches, and maintenance fixtures where parts need constrained motion, clear mounting references, and reliable mechanical support.
Visual Features: Visually, the model presents a white upright angle fixture with a slotted base, vertical plate, rectangular recesses, and several small mounting holes. The material appears to be machined steel, aluminum, or coated engineering metal, with matte to semi-gloss faces, chamfered edges, and visible bolt holes that make mounting and adjustment points easy to identify. Overall, the simplified CAD-style geometry emphasizes the part's working clearances, connection points, and installation orientation for downstream scene construction and retrieval.","(-0.025767000392079353, -0.027542000636458397, -0.029227999970316887)","(0.02523300051689148, 0.039758000522851944, 0.058772001415491104)"
IndustrialPart,IndustrialPart.l.33,/media/simple/another_Documents/isaacsim_assets/device_data/usdz/Part/M033.usd,DNA:D_{J}(by),"Functional Features: This object is a fastening or securing component. Functionally, it is used to lock, clamp, space, or connect mechanical parts so that assemblies remain stable under vibration, repeated service, and positioning loads. It is suitable for machine frames, brackets, bearing seats, modular fixtures, robotic tools, and maintenance assemblies where quick installation and dependable mechanical retention are required.
Visual Features: Visually, the model presents a white bracket-like fastener body with a slanted upper opening, square window, lower cutout, and flat bolted base. The material appears to be steel, brass, aluminum, or dark coated metal, with machined holes, threads, ribs, pins, and robust matte surfaces designed for repeated tightening and service. Overall, the simplified CAD-style geometry emphasizes the part's working clearances, connection points, and installation orientation for downstream scene construction and retrieval.","(-0.024000000208616257, -0.029186999425292015, -0.03920700028538704)","(0.024000000208616257, 0.028913000598549843, 0.04724099859595299)"
IndustrialPart,IndustrialPart.l.34,/media/simple/another_Documents/isaacsim_assets/device_data/usdz/Part/M034.usd,DNA:D_{J}(bz),"Functional Features: This object is a flange or mounting interface component. Functionally, it provides a rigid bolted connection between shafts, housings, pipes, bearings, or machine modules while helping maintain coaxial alignment and load transfer. It is suitable for motor mounts, rotary assemblies, pipeline joints, gearboxes, fixture bases, and industrial equipment frames that require repeatable assembly and accurate positioning.
Visual Features: Visually, the model presents a gray ribbed cylindrical ring with stepped shoulders, a central bore, and repeated circumferential grooves. The material appears to be machined metal, often aluminum or steel, with smooth circular bores, flat bolting faces, chamfered edges, and satin or polished surfaces suited to precise mounting. Overall, the simplified CAD-style geometry emphasizes the part's working clearances, connection points, and installation orientation for downstream scene construction and retrieval.","(-0.023422999307513237, -0.0430000014603138, -0.04299800097942352)","(0.024576999247074127, 0.0430000014603138, 0.04299800097942352)"
IndustrialPart,IndustrialPart.l.35,/media/simple/another_Documents/isaacsim_assets/device_data/usdz/Part/M035.usd,DNA:D_{J}(ca),"Functional Features: This object is a flange or mounting interface component. Functionally, it provides a rigid bolted connection between shafts, housings, pipes, bearings, or machine modules while helping maintain coaxial alignment and load transfer. It is suitable for motor mounts, rotary assemblies, pipeline joints, gearboxes, fixture bases, and industrial equipment frames that require repeatable assembly and accurate positioning.
Visual Features: Visually, the model presents a silver block flange with a horizontal cylindrical bore, flat base wings, and four corner mounting holes. The material appears to be machined metal, often aluminum or steel, with smooth circular bores, flat bolting faces, chamfered edges, and satin or polished surfaces suited to precise mounting. Overall, the simplified CAD-style geometry emphasizes the part's working clearances, connection points, and installation orientation for downstream scene construction and retrieval.","(-0.04267200082540512, -0.038081999868154526, -0.026352999731898308)","(0.04267200082540512, 0.03811800107359886, 0.035367999225854874)"
IndustrialPart,IndustrialPart.l.36,/media/simple/another_Documents/isaacsim_assets/device_data/usdz/Part/M036.usd,DNA:D_{J}(cb),"Functional Features: This object is a fastening or securing component. Functionally, it is used to lock, clamp, space, or connect mechanical parts so that assemblies remain stable under vibration, repeated service, and positioning loads. It is suitable for machine frames, brackets, bearing seats, modular fixtures, robotic tools, and maintenance assemblies where quick installation and dependable mechanical retention are required.
Visual Features: Visually, the model presents a gray cylindrical sleeve fastener with large rectangular side cutouts, a thick wall, and a smooth circular bore. The material appears to be steel, brass, aluminum, or dark coated metal, with machined holes, threads, ribs, pins, and robust matte surfaces designed for repeated tightening and service. Overall, the simplified CAD-style geometry emphasizes the part's working clearances, connection points, and installation orientation for downstream scene construction and retrieval.","(-0.04185900092124939, -0.042785998433828354, -0.0418579988181591)","(0.04185900092124939, 0.033413998782634735, 0.0418579988181591)"
IndustrialPart,IndustrialPart.l.37,/media/simple/another_Documents/isaacsim_assets/device_data/usdz/Part/M037.usd,DNA:D_{J}(cc),"Functional Features: This object is a flange or mounting interface component. Functionally, it provides a rigid bolted connection between shafts, housings, pipes, bearings, or machine modules while helping maintain coaxial alignment and load transfer. It is suitable for motor mounts, rotary assemblies, pipeline joints, gearboxes, fixture bases, and industrial equipment frames that require repeatable assembly and accurate positioning.
Visual Features: Visually, the model presents a blue rectangular flange block with two top holes, chamfered edges, and flat machined faces. The material appears to be machined metal, often aluminum or steel, with smooth circular bores, flat bolting faces, chamfered edges, and satin or polished surfaces suited to precise mounting. Overall, the simplified CAD-style geometry emphasizes the part's working clearances, connection points, and installation orientation for downstream scene construction and retrieval.","(-0.038100000470876694, -0.028720000758767128, -0.038100000470876694)","(0.038100000470876694, 0.02208000048995018, 0.038100000470876694)"
IndustrialPart,IndustrialPart.l.38,/media/simple/another_Documents/isaacsim_assets/device_data/usdz/Part/M038.usd,DNA:D_{J}(cd),"Functional Features: This object is an industrial valve or flow-control component. Functionally, it is used to guide, open, close, or regulate air, liquid, coolant, or hydraulic media in automated equipment. It is suitable for pneumatic circuits, hydraulic stations, cooling loops, test benches, and production machines where controlled flow direction, sealing, and serviceable pipe connections are required.
Visual Features: Visually, the model presents a gray round valve manifold with several threaded side ports, metal nuts, a flat top hole pattern, and a compact cylindrical body. The material appears to combine machined brass, steel, or dark coated metal, with threaded collars, smooth cylindrical sealing surfaces, and semi-gloss finishes that suggest pressure-rated industrial use. Overall, the simplified CAD-style geometry emphasizes the part's working clearances, connection points, and installation orientation for downstream scene construction and retrieval.","(-0.03302000090479851, -0.040424998849630356, -0.019005000591278076)","(0.03302000090479851, 0.03148199990391731, 0.01800299994647503)"
IndustrialPart,IndustrialPart.l.39,/media/simple/another_Documents/isaacsim_assets/device_data/usdz/Part/M039.usd,DNA:D_{J}(ce),"Functional Features: This object is a flange or mounting interface component. Functionally, it provides a rigid bolted connection between shafts, housings, pipes, bearings, or machine modules while helping maintain coaxial alignment and load transfer. It is suitable for motor mounts, rotary assemblies, pipeline joints, gearboxes, fixture bases, and industrial equipment frames that require repeatable assembly and accurate positioning.
Visual Features: Visually, the model presents a white annular flange ring with a large central hole, layered circular steps, and a clean smooth rim. The material appears to be machined metal, often aluminum or steel, with smooth circular bores, flat bolting faces, chamfered edges, and satin or polished surfaces suited to precise mounting. Overall, the simplified CAD-style geometry emphasizes the part's working clearances, connection points, and installation orientation for downstream scene construction and retrieval.","(-0.035999998450279236, -0.03599900007247925, -0.013667000457644463)","(0.035999998450279236, 0.03599900007247925, 0.013333000242710114)"
IndustrialPart,IndustrialPart.l.40,/media/simple/another_Documents/isaacsim_assets/device_data/usdz/Part/M040.usd,DNA:D_{J}(cf),"Functional Features: This object is an industrial valve or flow-control component. Functionally, it is used to guide, open, close, or regulate air, liquid, coolant, or hydraulic media in automated equipment. It is suitable for pneumatic circuits, hydraulic stations, cooling loops, test benches, and production machines where controlled flow direction, sealing, and serviceable pipe connections are required.
Visual Features: Visually, the model presents a gold Y-shaped valve body with flanged circular ends, branch outlet, raised flow arrow, and ringed connector collars. The material appears to combine machined brass, steel, or dark coated metal, with threaded collars, smooth cylindrical sealing surfaces, and semi-gloss finishes that suggest pressure-rated industrial use. Overall, the simplified CAD-style geometry emphasizes the part's working clearances, connection points, and installation orientation for downstream scene construction and retrieval.","(-0.027845999225974083, -0.014913000166416168, -0.041025999933481216)","(0.035277001559734344, 0.015087000094354153, 0.025474000722169876)"
IndustrialPart,IndustrialPart.l.41,/media/simple/another_Documents/isaacsim_assets/device_data/usdz/Part/M041.usd,DNA:D_{J}(cg),"Functional Features: This object is an industrial fixture or clamping component. Functionally, it is used to locate, support, press, or align workpieces and auxiliary modules so that machining, assembly, inspection, and robotic handling can be repeated with stable positioning. It is suitable for machine tools, assembly jigs, palletized workstations, inspection benches, and maintenance fixtures where parts need constrained motion, clear mounting references, and reliable mechanical support.
Visual Features: Visually, the model presents a white upright angle bracket with a round top saddle, circular side holes, and a slotted mounting base. The material appears to be machined steel, aluminum, or coated engineering metal, with matte to semi-gloss faces, chamfered edges, and visible bolt holes that make mounting and adjustment points easy to identify. Overall, the simplified CAD-style geometry emphasizes the part's working clearances, connection points, and installation orientation for downstream scene construction and retrieval.","(-0.02587199956178665, -0.026247000321745872, -0.018929999321699142)","(0.020527999848127365, 0.012552999891340733, 0.04757000133395195)"
IndustrialPart,IndustrialPart.l.42,/media/simple/another_Documents/isaacsim_assets/device_data/usdz/Part/M042.usd,DNA:D_{J}(ch),"Functional Features: This object is an industrial valve or flow-control component. Functionally, it is used to guide, open, close, or regulate air, liquid, coolant, or hydraulic media in automated equipment. It is suitable for pneumatic circuits, hydraulic stations, cooling loops, test benches, and production machines where controlled flow direction, sealing, and serviceable pipe connections are required.
Visual Features: Visually, the model presents a gray cylindrical valve or actuator body with a black front plate, small fittings, top block, and round side hardware. The material appears to combine machined brass, steel, or dark coated metal, with threaded collars, smooth cylindrical sealing surfaces, and semi-gloss finishes that suggest pressure-rated industrial use. Overall, the simplified CAD-style geometry emphasizes the part's working clearances, connection points, and installation orientation for downstream scene construction and retrieval.","(-0.027780000120401382, -0.020441999658942223, -0.02898400090634823)","(0.02721099928021431, 0.011752000078558922, 0.03680500015616417)"
IndustrialPart,IndustrialPart.l.43,/media/simple/another_Documents/isaacsim_assets/device_data/usdz/Part/M043.usd,DNA:D_{J}(ci),"Functional Features: This object is an electronic enclosure or protective housing. Functionally, it is used to hold sensors, circuit boards, connectors, lamps, or small control modules while protecting them from dust, incidental impact, and handling damage. It is suitable for automation cabinets, robotic end effectors, inspection devices, warehouse equipment, and embedded machine-control stations where electronics need a compact protective shell.
Visual Features: Visually, the model presents a black circular electronic cover with a flat round face, squared central recess, and dark matte outer body. The material appears to be molded plastic, translucent resin, or coated metal, with smooth walls, rounded corners, shallow recesses, and clean molded or machined surfaces for compact device packaging. Overall, the simplified CAD-style geometry emphasizes the part's working clearances, connection points, and installation orientation for downstream scene construction and retrieval.","(-0.03099999949336052, -0.02800000086426735, -0.03099999949336052)","(0.03099999949336052, 0.007000000216066837, 0.03099999949336052)"
IndustrialPart,IndustrialPart.l.44,/media/simple/another_Documents/isaacsim_assets/device_data/usdz/Part/M044.usd,DNA:D_{J}(cj),"Functional Features: This object is a fan or airflow component. Functionally, it moves air for cooling, ventilation, or thermal management of electronic and mechanical equipment. It is suitable for control cabinets, motor housings, power modules, sensor enclosures, and compact industrial devices where heat removal and steady airflow are necessary.
Visual Features: Visually, the model presents a square axial fan frame with a circular hub, four broad blades, corner screw holes, and a dark gray molded housing. The material appears to be dark molded plastic or coated lightweight metal, with broad blades, a square frame, screw holes, and a matte surface suited to airflow hardware. Overall, the simplified CAD-style geometry emphasizes the part's working clearances, connection points, and installation orientation for downstream scene construction and retrieval.","(-0.029999999329447746, -0.012872000224888325, -0.029999999329447746)","(0.029999999329447746, 0.01252800039947033, 0.029999999329447746)"
IndustrialPart,IndustrialPart.l.45,/media/simple/another_Documents/isaacsim_assets/device_data/usdz/Part/M045.usd,DNA:D_{J}(ck),"Functional Features: This object is an industrial fixture or clamping component. Functionally, it is used to locate, support, press, or align workpieces and auxiliary modules so that machining, assembly, inspection, and robotic handling can be repeated with stable positioning. It is suitable for machine tools, assembly jigs, palletized workstations, inspection benches, and maintenance fixtures where parts need constrained motion, clear mounting references, and reliable mechanical support.
Visual Features: Visually, the model presents a white upright eye bracket with a circular through-hole, vertical plate, and slotted base for bolt adjustment. The material appears to be machined steel, aluminum, or coated engineering metal, with matte to semi-gloss faces, chamfered edges, and visible bolt holes that make mounting and adjustment points easy to identify. Overall, the simplified CAD-style geometry emphasizes the part's working clearances, connection points, and installation orientation for downstream scene construction and retrieval.","(-0.016499999910593033, -0.01423799991607666, -0.019607000052928925)","(0.016499999910593033, 0.006761999800801277, 0.03689299896359444)"
IndustrialPart,IndustrialPart.l.46,/media/simple/another_Documents/isaacsim_assets/device_data/usdz/Part/M046.usd,DNA:D_{J}(cl),"Functional Features: This object is an industrial fixture or clamping component. Functionally, it is used to locate, support, press, or align workpieces and auxiliary modules so that machining, assembly, inspection, and robotic handling can be repeated with stable positioning. It is suitable for machine tools, assembly jigs, palletized workstations, inspection benches, and maintenance fixtures where parts need constrained motion, clear mounting references, and reliable mechanical support.
Visual Features: Visually, the model presents a white bent angle fixture made from plate-like sections with long slots, circular holes, and sharply folded side walls. The material appears to be machined steel, aluminum, or coated engineering metal, with matte to semi-gloss faces, chamfered edges, and visible bolt holes that make mounting and adjustment points easy to identify. Overall, the simplified CAD-style geometry emphasizes the part's working clearances, connection points, and installation orientation for downstream scene construction and retrieval.","(-0.038676001131534576, -0.019750000908970833, -0.015405000187456608)","(0.017123999074101448, 0.020250000059604645, 0.027994999662041664)"
IndustrialPart,IndustrialPart.l.47,/media/simple/another_Documents/isaacsim_assets/device_data/usdz/Part/M047.usd,DNA:D_{J}(cm),"Functional Features: This object is an industrial fixture or clamping component. Functionally, it is used to locate, support, press, or align workpieces and auxiliary modules so that machining, assembly, inspection, and robotic handling can be repeated with stable positioning. It is suitable for machine tools, assembly jigs, palletized workstations, inspection benches, and maintenance fixtures where parts need constrained motion, clear mounting references, and reliable mechanical support.
Visual Features: Visually, the model presents a pale purple vise-like block with a central channel, top bore, side holes, and a contrasting dark inner insert. The material appears to be machined steel, aluminum, or coated engineering metal, with matte to semi-gloss faces, chamfered edges, and visible bolt holes that make mounting and adjustment points easy to identify. Overall, the simplified CAD-style geometry emphasizes the part's working clearances, connection points, and installation orientation for downstream scene construction and retrieval.","(-0.013244000263512135, -0.028176000341773033, -0.01196100004017353)","(0.024755999445915222, 0.026823999360203743, 0.019238999113440514)"
IndustrialPart,IndustrialPart.l.48,/media/simple/another_Documents/isaacsim_assets/device_data/usdz/Part/M048.usd,DNA:D_{J}(cn),"Functional Features: This object is an industrial fixture or clamping component. Functionally, it is used to locate, support, press, or align workpieces and auxiliary modules so that machining, assembly, inspection, and robotic handling can be repeated with stable positioning. It is suitable for machine tools, assembly jigs, palletized workstations, inspection benches, and maintenance fixtures where parts need constrained motion, clear mounting references, and reliable mechanical support.
Visual Features: Visually, the model presents a white stepped clamp block with a large top bore, side circular hole, lower rectangular cutout, and flat shoulder faces. The material appears to be machined steel, aluminum, or coated engineering metal, with matte to semi-gloss faces, chamfered edges, and visible bolt holes that make mounting and adjustment points easy to identify. Overall, the simplified CAD-style geometry emphasizes the part's working clearances, connection points, and installation orientation for downstream scene construction and retrieval.","(-0.02723100036382675, -0.019541999325156212, -0.015518000349402428)","(0.027768999338150024, 0.029457999393343925, 0.031182000413537025)"
IndustrialPart,IndustrialPart.l.49,/media/simple/another_Documents/isaacsim_assets/device_data/usdz/Part/M049.usd,DNA:D_{J}(co),"Functional Features: This object is an industrial fixture or clamping component. Functionally, it is used to locate, support, press, or align workpieces and auxiliary modules so that machining, assembly, inspection, and robotic handling can be repeated with stable positioning. It is suitable for machine tools, assembly jigs, palletized workstations, inspection benches, and maintenance fixtures where parts need constrained motion, clear mounting references, and reliable mechanical support.
Visual Features: Visually, the model presents a white vertical pillar clamp with a square top plate, tall rectangular body, and a slotted lower mounting foot. The material appears to be machined steel, aluminum, or coated engineering metal, with matte to semi-gloss faces, chamfered edges, and visible bolt holes that make mounting and adjustment points easy to identify. Overall, the simplified CAD-style geometry emphasizes the part's working clearances, connection points, and installation orientation for downstream scene construction and retrieval.","(-0.010892000049352646, -0.009999999776482582, -0.026009999215602875)","(0.0191079992800951, 0.009999999776482582, 0.02848999947309494)"
IndustrialPart,IndustrialPart.l.50,/media/simple/another_Documents/isaacsim_assets/device_data/usdz/Part/M050.usd,DNA:D_{J}(cp),"Functional Features: This object is a flange or mounting interface component. Functionally, it provides a rigid bolted connection between shafts, housings, pipes, bearings, or machine modules while helping maintain coaxial alignment and load transfer. It is suitable for motor mounts, rotary assemblies, pipeline joints, gearboxes, fixture bases, and industrial equipment frames that require repeatable assembly and accurate positioning.
Visual Features: Visually, the model presents a black rectangular flange block with multiple circular counterbores of different diameters and softly rounded edges. The material appears to be machined metal, often aluminum or steel, with smooth circular bores, flat bolting faces, chamfered edges, and satin or polished surfaces suited to precise mounting. Overall, the simplified CAD-style geometry emphasizes the part's working clearances, connection points, and installation orientation for downstream scene construction and retrieval.","(-0.022518999874591827, -0.02250000089406967, -0.01691400073468685)","(0.022481000050902367, 0.02250000089406967, 0.01808599941432476)"
IndustrialPart,IndustrialPart.m.1,/media/simple/another_Documents/isaacsim_assets/device_data/usdz/Part/N098.usd,DNA:D_{J}(cq),"Functional Features: This object is an industrial fixture or clamping component. Functionally, it is used to locate, support, press, or align workpieces and auxiliary modules so that machining, assembly, inspection, and robotic handling can be repeated with stable positioning. It is suitable for machine tools, assembly jigs, palletized workstations, inspection benches, and maintenance fixtures where parts need constrained motion, clear mounting references, and reliable mechanical support.
Visual Features: Visually, the model presents a blue-gray rail clamp with twin adjustment screws, small gears, a central threaded insert, and layered sliding plates. The material appears to be machined steel, aluminum, or coated engineering metal, with matte to semi-gloss faces, chamfered edges, and visible bolt holes that make mounting and adjustment points easy to identify. Overall, the simplified CAD-style geometry emphasizes the part's working clearances, connection points, and installation orientation for downstream scene construction and retrieval.","(-0.12450099736452103, -0.04667900130152702, -0.04320000112056732)","(0.12314900010824203, 0.045396000146865845, 0.06328900158405304)"
IndustrialPart,IndustrialPart.m.2,/media/simple/another_Documents/isaacsim_assets/device_data/usdz/Part/N099.usd,DNA:D_{J}(cr),"Functional Features: This object is an industrial fixture or clamping component. Functionally, it is used to locate, support, press, or align workpieces and auxiliary modules so that machining, assembly, inspection, and robotic handling can be repeated with stable positioning. It is suitable for machine tools, assembly jigs, palletized workstations, inspection benches, and maintenance fixtures where parts need constrained motion, clear mounting references, and reliable mechanical support.
Visual Features: Visually, the model presents a light gray hinge clamp plate with a central circular boss, side cylindrical ears, and several bolt holes. The material appears to be machined steel, aluminum, or coated engineering metal, with matte to semi-gloss faces, chamfered edges, and visible bolt holes that make mounting and adjustment points easy to identify. Overall, the simplified CAD-style geometry emphasizes the part's working clearances, connection points, and installation orientation for downstream scene construction and retrieval.","(-0.055904000997543335, -0.07193399965763092, -0.04595300182700157)","(0.0422700010240078, 0.04606600105762482, 0.07204700261354446)"
IndustrialPart,IndustrialPart.m.3,/media/simple/another_Documents/isaacsim_assets/device_data/usdz/Part/N100.usd,DNA:D_{J}(cs),"Functional Features: This object is a fastening or securing component. Functionally, it is used to lock, clamp, space, or connect mechanical parts so that assemblies remain stable under vibration, repeated service, and positioning loads. It is suitable for machine frames, brackets, bearing seats, modular fixtures, robotic tools, and maintenance assemblies where quick installation and dependable mechanical retention are required.
Visual Features: Visually, the model presents a black fastener coupling with a rectangular flange, projecting cylindrical shaft, and nested circular connector details. The material appears to be steel, brass, aluminum, or dark coated metal, with machined holes, threads, ribs, pins, and robust matte surfaces designed for repeated tightening and service. Overall, the simplified CAD-style geometry emphasizes the part's working clearances, connection points, and installation orientation for downstream scene construction and retrieval.","(-0.04115099832415581, -0.0564580000936985, -0.026669999584555626)","(0.041145000606775284, 0.051392000168561935, 0.026669999584555626)"
IndustrialPart,IndustrialPart.n.1,/media/simple/another_Documents/isaacsim_assets/device_data/usdz/Part/T051.usd,DNA:D_{J}(ct),"Functional Features: This object is an industrial fixture or clamping component. Functionally, it is used to locate, support, press, or align workpieces and auxiliary modules so that machining, assembly, inspection, and robotic handling can be repeated with stable positioning. It is suitable for machine tools, assembly jigs, palletized workstations, inspection benches, and maintenance fixtures where parts need constrained motion, clear mounting references, and reliable mechanical support.
Visual Features: Visually, the model presents a dark blue elongated locating rail with an upright end block, a semicircular rear lug, several raised pins, and small countersunk holes along the top face. The material appears to be machined steel, aluminum, or coated engineering metal, with matte to semi-gloss faces, chamfered edges, and visible bolt holes that make mounting and adjustment points easy to identify. Overall, the simplified CAD-style geometry emphasizes the part's working clearances, connection points, and installation orientation for downstream scene construction and retrieval.","(-0.15535800158977509, -0.01639300025999546, -0.03272100165486336)","(0.18246200680732727, 0.02935199998319149, 0.06395100057125092)"
IndustrialPart,IndustrialPart.n.2,/media/simple/another_Documents/isaacsim_assets/device_data/usdz/Part/T052.usd,DNA:D_{J}(cu),"Functional Features: This object is an industrial fixture or clamping component. Functionally, it is used to locate, support, press, or align workpieces and auxiliary modules so that machining, assembly, inspection, and robotic handling can be repeated with stable positioning. It is suitable for machine tools, assembly jigs, palletized workstations, inspection benches, and maintenance fixtures where parts need constrained motion, clear mounting references, and reliable mechanical support.
Visual Features: Visually, the model presents a black articulated fixture bracket with an open square frame, hinge bosses, lower plate, and several bolted joints. The material appears to be machined steel, aluminum, or coated engineering metal, with matte to semi-gloss faces, chamfered edges, and visible bolt holes that make mounting and adjustment points easy to identify. Overall, the simplified CAD-style geometry emphasizes the part's working clearances, connection points, and installation orientation for downstream scene construction and retrieval.","(-0.07495799660682678, -0.1241459995508194, -0.15510199964046478)","(0.0749019980430603, 0.038600001484155655, 0.08873800188302994)"
IndustrialPart,IndustrialPart.n.3,/media/simple/another_Documents/isaacsim_assets/device_data/usdz/Part/T054.usd,DNA:D_{J}(cv),"Functional Features: This object is a bearing or shaft-support component. Functionally, it is used to support rotating shafts, reduce friction, preserve alignment, and carry radial or light axial loads. It is suitable for conveyors, fans, rollers, rotary fixtures, small motors, and transmission mechanisms where smooth rotation and durable mechanical support are required.
Visual Features: Visually, the model presents a gray circular bearing ring with evenly spaced bolt holes, thin annular walls, and a large central opening. The material appears to be machined steel or coated metal, with concentric races, circular bores, bolt holes, and smooth contact surfaces for low-friction rotation. Overall, the simplified CAD-style geometry emphasizes the part's working clearances, connection points, and installation orientation for downstream scene construction and retrieval.","(-0.08900000154972076, -0.019999999552965164, -0.0889969989657402)","(0.08900000154972076, 0.019999999552965164, 0.0889969989657402)"
IndustrialPart,IndustrialPart.n.4,/media/simple/another_Documents/isaacsim_assets/device_data/usdz/Part/T055.usd,DNA:D_{J}(cw),"Functional Features: This object is a vacuum suction or adsorption component. Functionally, it is used to grip, seal, lift, or cushion workpieces by creating contact pressure or vacuum force. It is suitable for pick-and-place robots, packaging lines, electronics assembly, logistics sorting, glass or plastic handling, and automated feeding systems where non-destructive temporary gripping is needed.
Visual Features: Visually, the model presents two bright blue suction-pad components, one with a smooth oval body and another with a perforated beige contact insert. The material appears to mix rubber, silicone, plastic, and small metal inserts, with flexible bellows, soft contact lips, glossy or frosted surfaces, and threaded connector areas for vacuum hardware. Overall, the simplified CAD-style geometry emphasizes the part's working clearances, connection points, and installation orientation for downstream scene construction and retrieval.","(-0.08199000358581543, -0.03949800133705139, -0.03372799977660179)","(0.0819849967956543, 0.03947699815034866, 0.013953999616205692)"
IndustrialPart,IndustrialPart.n.5,/media/simple/another_Documents/isaacsim_assets/device_data/usdz/Part/T056.usd,DNA:D_{J}(cx),"Functional Features: This object is an electrical or circuit-related component. Functionally, it is used to connect, route, support, insulate, or protect signal and power interfaces inside industrial equipment. It is suitable for control panels, sensor modules, test fixtures, robotic tooling, automated conveyors, and mechatronic assemblies where reliable electrical contact and compact packaging are important.
Visual Features: Visually, the model presents a light gray circuit support frame with intersecting thin ribs, upright panels, and several stepped slots. The material appears to combine plastic, transparent resin, metal terminals, and insulated housings, with small connector features, smooth molded faces, and compact surfaces suited to electrical packaging. Overall, the simplified CAD-style geometry emphasizes the part's working clearances, connection points, and installation orientation for downstream scene construction and retrieval.","(-0.04897899925708771, -0.020210999995470047, -0.04897899925708771)","(0.05871500074863434, 0.018989000469446182, 0.05871500074863434)"
IndustrialPart,IndustrialPart.n.6,/media/simple/another_Documents/isaacsim_assets/device_data/usdz/Part/T057.usd,DNA:D_{J}(cy),"Functional Features: This object is an electrical or circuit-related component. Functionally, it is used to connect, route, support, insulate, or protect signal and power interfaces inside industrial equipment. It is suitable for control panels, sensor modules, test fixtures, robotic tooling, automated conveyors, and mechatronic assemblies where reliable electrical contact and compact packaging are important.
Visual Features: Visually, the model presents a translucent white rounded electronic block with soft rectangular contours, shallow side recesses, and a frosted surface. The material appears to combine plastic, transparent resin, metal terminals, and insulated housings, with small connector features, smooth molded faces, and compact surfaces suited to electrical packaging. Overall, the simplified CAD-style geometry emphasizes the part's working clearances, connection points, and installation orientation for downstream scene construction and retrieval.","(-0.05778999999165535, -0.022453999146819115, -0.03379099816083908)","(0.05778999999165535, 0.025474999099969864, 0.03379200026392937)"
IndustrialPart,IndustrialPart.n.7,/media/simple/another_Documents/isaacsim_assets/device_data/usdz/Part/T058.usd,DNA:D_{J}(cz),"Functional Features: This object is an optical, sensing, or illumination-related component. Functionally, it is used to mount, protect, guide, or expose lenses, sensors, light paths, or inspection heads for machine vision and detection tasks. It is suitable for robotic perception, quality inspection, barcode reading, alignment stations, safety sensors, and automated workcells that depend on stable optical positioning.
Visual Features: Visually, the model presents a white cylindrical optical adapter with a flared front rim, black inner aperture, and a rear tube extension. The material appears to combine coated plastic, metal, and transparent lens-like elements, with smooth cylindrical apertures, dark inner openings, and clean surfaces that help control light and sensor alignment. Overall, the simplified CAD-style geometry emphasizes the part's working clearances, connection points, and installation orientation for downstream scene construction and retrieval.","(-0.03299500048160553, -0.05879700183868408, -0.032993000000715256)","(0.03299500048160553, 0.05626500025391579, 0.032993000000715256)"
IndustrialPart,IndustrialPart.n.8,/media/simple/another_Documents/isaacsim_assets/device_data/usdz/Part/T059.usd,DNA:D_{J}(da),"Functional Features: This object is an electronic enclosure or protective housing. Functionally, it is used to hold sensors, circuit boards, connectors, lamps, or small control modules while protecting them from dust, incidental impact, and handling damage. It is suitable for automation cabinets, robotic end effectors, inspection devices, warehouse equipment, and embedded machine-control stations where electronics need a compact protective shell.
Visual Features: Visually, the model presents a dark ribbed electronics block with a large vertical central bore, side fins, and a stepped rectangular base. The material appears to be molded plastic, translucent resin, or coated metal, with smooth walls, rounded corners, shallow recesses, and clean molded or machined surfaces for compact device packaging. Overall, the simplified CAD-style geometry emphasizes the part's working clearances, connection points, and installation orientation for downstream scene construction and retrieval.","(-0.057009998708963394, -0.029068000614643097, -0.021988000720739365)","(0.05699000135064125, 0.029131999239325523, 0.03081200085580349)"
IndustrialPart,IndustrialPart.n.9,/media/simple/another_Documents/isaacsim_assets/device_data/usdz/Part/T060.usd,DNA:D_{J}(db),"Functional Features: This object is an optical, sensing, or illumination-related component. Functionally, it is used to mount, protect, guide, or expose lenses, sensors, light paths, or inspection heads for machine vision and detection tasks. It is suitable for robotic perception, quality inspection, barcode reading, alignment stations, safety sensors, and automated workcells that depend on stable optical positioning.
Visual Features: Visually, the model presents a gray optical bracket with a large circular coil or cable-like loop, upright wall, and top locating slot. The material appears to combine coated plastic, metal, and transparent lens-like elements, with smooth cylindrical apertures, dark inner openings, and clean surfaces that help control light and sensor alignment. Overall, the simplified CAD-style geometry emphasizes the part's working clearances, connection points, and installation orientation for downstream scene construction and retrieval.","(-0.031578000634908676, -0.07316000014543533, -0.039400000125169754)","(0.03202199935913086, 0.03963899984955788, 0.039400000125169754)"
IndustrialPart,IndustrialPart.n.10,/media/simple/another_Documents/isaacsim_assets/device_data/usdz/Part/T061.usd,DNA:D_{J}(dc),"Functional Features: This object is a fastening or securing component. Functionally, it is used to lock, clamp, space, or connect mechanical parts so that assemblies remain stable under vibration, repeated service, and positioning loads. It is suitable for machine frames, brackets, bearing seats, modular fixtures, robotic tools, and maintenance assemblies where quick installation and dependable mechanical retention are required.
Visual Features: Visually, the model presents a black fastening lever plate with two circular holes, a protruding pin, and rounded end bosses. The material appears to be steel, brass, aluminum, or dark coated metal, with machined holes, threads, ribs, pins, and robust matte surfaces designed for repeated tightening and service. Overall, the simplified CAD-style geometry emphasizes the part's working clearances, connection points, and installation orientation for downstream scene construction and retrieval.","(-0.044461000710725784, -0.0592540018260479, -0.06746800243854523)","(0.04443899914622307, 0.018518999218940735, 0.04533400014042854)"
IndustrialPart,IndustrialPart.n.11,/media/simple/another_Documents/isaacsim_assets/device_data/usdz/Part/T062.usd,DNA:D_{J}(dd),"Functional Features: This object is an industrial fixture or clamping component. Functionally, it is used to locate, support, press, or align workpieces and auxiliary modules so that machining, assembly, inspection, and robotic handling can be repeated with stable positioning. It is suitable for machine tools, assembly jigs, palletized workstations, inspection benches, and maintenance fixtures where parts need constrained motion, clear mounting references, and reliable mechanical support.
Visual Features: Visually, the model presents a gray rectangular clamp block with a window opening, cylindrical roller insert, and rounded bottom clearance slot. The material appears to be machined steel, aluminum, or coated engineering metal, with matte to semi-gloss faces, chamfered edges, and visible bolt holes that make mounting and adjustment points easy to identify. Overall, the simplified CAD-style geometry emphasizes the part's working clearances, connection points, and installation orientation for downstream scene construction and retrieval.","(-0.02500000037252903, -0.05397599935531616, -0.052097998559474945)","(0.02500000037252903, 0.05602400004863739, 0.047901999205350876)"
IndustrialPart,IndustrialPart.n.12,/media/simple/another_Documents/isaacsim_assets/device_data/usdz/Part/T063.usd,DNA:D_{J}(de),"Functional Features: This object is a fastening or securing component. Functionally, it is used to lock, clamp, space, or connect mechanical parts so that assemblies remain stable under vibration, repeated service, and positioning loads. It is suitable for machine frames, brackets, bearing seats, modular fixtures, robotic tools, and maintenance assemblies where quick installation and dependable mechanical retention are required.
Visual Features: Visually, the model presents a tall gray fastener block with side holes, a long vertical slot, and a narrow internal channel. The material appears to be steel, brass, aluminum, or dark coated metal, with machined holes, threads, ribs, pins, and robust matte surfaces designed for repeated tightening and service. Overall, the simplified CAD-style geometry emphasizes the part's working clearances, connection points, and installation orientation for downstream scene construction and retrieval.","(-0.025219999253749847, -0.012378999963402748, -0.055435001850128174)","(0.0247809998691082, 0.012621000409126282, 0.05456500127911568)"
IndustrialPart,IndustrialPart.n.13,/media/simple/another_Documents/isaacsim_assets/device_data/usdz/Part/T064.usd,DNA:D_{J}(df),"Functional Features: This object is an electronic enclosure or protective housing. Functionally, it is used to hold sensors, circuit boards, connectors, lamps, or small control modules while protecting them from dust, incidental impact, and handling damage. It is suitable for automation cabinets, robotic end effectors, inspection devices, warehouse equipment, and embedded machine-control stations where electronics need a compact protective shell.
Visual Features: Visually, the model presents a translucent rounded electronic enclosure with two recessed compartments, soft edges, and a milky molded finish. The material appears to be molded plastic, translucent resin, or coated metal, with smooth walls, rounded corners, shallow recesses, and clean molded or machined surfaces for compact device packaging. Overall, the simplified CAD-style geometry emphasizes the part's working clearances, connection points, and installation orientation for downstream scene construction and retrieval.","(-0.0539809986948967, -0.033987000584602356, -0.01747800037264824)","(0.0539809986948967, 0.033987000584602356, 0.01912200078368187)"
IndustrialPart,IndustrialPart.n.14,/media/simple/another_Documents/isaacsim_assets/device_data/usdz/Part/T065.usd,DNA:D_{J}(dg),"Functional Features: This object is an electronic enclosure or protective housing. Functionally, it is used to hold sensors, circuit boards, connectors, lamps, or small control modules while protecting them from dust, incidental impact, and handling damage. It is suitable for automation cabinets, robotic end effectors, inspection devices, warehouse equipment, and embedded machine-control stations where electronics need a compact protective shell.
Visual Features: Visually, the model presents a translucent rounded electronic shell with stacked rectangular recesses, a small circular boss, and frosted plastic surfaces. The material appears to be molded plastic, translucent resin, or coated metal, with smooth walls, rounded corners, shallow recesses, and clean molded or machined surfaces for compact device packaging. Overall, the simplified CAD-style geometry emphasizes the part's working clearances, connection points, and installation orientation for downstream scene construction and retrieval.","(-0.05121999979019165, -0.033987000584602356, -0.018508000299334526)","(0.056742001324892044, 0.033987000584602356, 0.01824299991130829)"
IndustrialPart,IndustrialPart.n.15,/media/simple/another_Documents/isaacsim_assets/device_data/usdz/Part/T066.usd,DNA:D_{J}(dh),"Functional Features: This object is an electronic enclosure or protective housing. Functionally, it is used to hold sensors, circuit boards, connectors, lamps, or small control modules while protecting them from dust, incidental impact, and handling damage. It is suitable for automation cabinets, robotic end effectors, inspection devices, warehouse equipment, and embedded machine-control stations where electronics need a compact protective shell.
Visual Features: Visually, the model presents a thin translucent cover with stepped panel geometry, shallow rectangular reliefs, and a pale molded-plastic appearance. The material appears to be molded plastic, translucent resin, or coated metal, with smooth walls, rounded corners, shallow recesses, and clean molded or machined surfaces for compact device packaging. Overall, the simplified CAD-style geometry emphasizes the part's working clearances, connection points, and installation orientation for downstream scene construction and retrieval.","(-0.0539809986948967, -0.033987000584602356, -0.01618099957704544)","(0.0539809986948967, 0.033987000584602356, 0.012570000253617764)"
IndustrialPart,IndustrialPart.n.16,/media/simple/another_Documents/isaacsim_assets/device_data/usdz/Part/T067.usd,DNA:D_{J}(di),"Functional Features: This object is a flange or mounting interface component. Functionally, it provides a rigid bolted connection between shafts, housings, pipes, bearings, or machine modules while helping maintain coaxial alignment and load transfer. It is suitable for motor mounts, rotary assemblies, pipeline joints, gearboxes, fixture bases, and industrial equipment frames that require repeatable assembly and accurate positioning.
Visual Features: Visually, the model presents a gray flanged hub with concentric circular rings, side grooves, a central bore, and smooth metal-like shading. The material appears to be machined metal, often aluminum or steel, with smooth circular bores, flat bolting faces, chamfered edges, and satin or polished surfaces suited to precise mounting. Overall, the simplified CAD-style geometry emphasizes the part's working clearances, connection points, and installation orientation for downstream scene construction and retrieval.","(-0.016272999346256256, -0.053943000733852386, -0.05394100025296211)","(0.023414000868797302, 0.05400700122117996, 0.05400500074028969)"
IndustrialPart,IndustrialPart.n.17,/media/simple/another_Documents/isaacsim_assets/device_data/usdz/Part/T068.usd,DNA:D_{J}(dj),"Functional Features: This object is an electrical or circuit-related component. Functionally, it is used to connect, route, support, insulate, or protect signal and power interfaces inside industrial equipment. It is suitable for control panels, sensor modules, test fixtures, robotic tooling, automated conveyors, and mechatronic assemblies where reliable electrical contact and compact packaging are important.
Visual Features: Visually, the model presents a clear rectangular circuit component with stepped transparent walls, a vertical slot, and a small metal-like insert. The material appears to combine plastic, transparent resin, metal terminals, and insulated housings, with small connector features, smooth molded faces, and compact surfaces suited to electrical packaging. Overall, the simplified CAD-style geometry emphasizes the part's working clearances, connection points, and installation orientation for downstream scene construction and retrieval.","(-0.06035299971699715, -0.02850000001490116, -0.0405299998819828)","(0.0455470010638237, 0.02850000001490116, 0.03446999937295914)"
IndustrialPart,IndustrialPart.n.18,/media/simple/another_Documents/isaacsim_assets/device_data/usdz/Part/T069.usd,DNA:D_{J}(dk),"Functional Features: This object is a vacuum suction or adsorption component. Functionally, it is used to grip, seal, lift, or cushion workpieces by creating contact pressure or vacuum force. It is suitable for pick-and-place robots, packaging lines, electronics assembly, logistics sorting, glass or plastic handling, and automated feeding systems where non-destructive temporary gripping is needed.
Visual Features: Visually, the model presents a stacked gray-and-white bellows suction cup with a small threaded top post and alternating flexible rings. The material appears to mix rubber, silicone, plastic, and small metal inserts, with flexible bellows, soft contact lips, glossy or frosted surfaces, and threaded connector areas for vacuum hardware. Overall, the simplified CAD-style geometry emphasizes the part's working clearances, connection points, and installation orientation for downstream scene construction and retrieval.","(-0.03122900053858757, -0.031228000298142433, -0.048643000423908234)","(0.03122900053858757, 0.03122900053858757, 0.043855998665094376)"
IndustrialPart,IndustrialPart.n.19,/media/simple/another_Documents/isaacsim_assets/device_data/usdz/Part/T070.usd,DNA:D_{J}(dl),"Functional Features: This object is an electronic enclosure or protective housing. Functionally, it is used to hold sensors, circuit boards, connectors, lamps, or small control modules while protecting them from dust, incidental impact, and handling damage. It is suitable for automation cabinets, robotic end effectors, inspection devices, warehouse equipment, and embedded machine-control stations where electronics need a compact protective shell.
Visual Features: Visually, the model presents a white rounded electronic enclosure with a long rectangular body, softened corners, and a plain smooth outer shell. The material appears to be molded plastic, translucent resin, or coated metal, with smooth walls, rounded corners, shallow recesses, and clean molded or machined surfaces for compact device packaging. Overall, the simplified CAD-style geometry emphasizes the part's working clearances, connection points, and installation orientation for downstream scene construction and retrieval.","(-0.04600000008940697, -0.0142000000923872, -0.026125000789761543)","(0.04600000008940697, 0.0142000000923872, 0.024728000164031982)"
IndustrialPart,IndustrialPart.n.20,/media/simple/another_Documents/isaacsim_assets/device_data/usdz/Part/T071.usd,DNA:D_{J}(dm),"Functional Features: This object is an electronic enclosure or protective housing. Functionally, it is used to hold sensors, circuit boards, connectors, lamps, or small control modules while protecting them from dust, incidental impact, and handling damage. It is suitable for automation cabinets, robotic end effectors, inspection devices, warehouse equipment, and embedded machine-control stations where electronics need a compact protective shell.
Visual Features: Visually, the model presents a gray box-like electronic housing with side mounting lugs, a bottom connector pin, and a recessed top channel. The material appears to be molded plastic, translucent resin, or coated metal, with smooth walls, rounded corners, shallow recesses, and clean molded or machined surfaces for compact device packaging. Overall, the simplified CAD-style geometry emphasizes the part's working clearances, connection points, and installation orientation for downstream scene construction and retrieval.","(-0.041558001190423965, -0.010433999821543694, -0.056154001504182816)","(0.04244200140237808, 0.011566000059247017, 0.03486600145697594)"
IndustrialPart,IndustrialPart.n.21,/media/simple/another_Documents/isaacsim_assets/device_data/usdz/Part/T072.usd,DNA:D_{J}(dn),"Functional Features: This object is an optical, sensing, or illumination-related component. Functionally, it is used to mount, protect, guide, or expose lenses, sensors, light paths, or inspection heads for machine vision and detection tasks. It is suitable for robotic perception, quality inspection, barcode reading, alignment stations, safety sensors, and automated workcells that depend on stable optical positioning.
Visual Features: Visually, the model presents a gray ribbed optical tube with a circular front opening, rear disk flange, and repeated longitudinal grooves. The material appears to combine coated plastic, metal, and transparent lens-like elements, with smooth cylindrical apertures, dark inner openings, and clean surfaces that help control light and sensor alignment. Overall, the simplified CAD-style geometry emphasizes the part's working clearances, connection points, and installation orientation for downstream scene construction and retrieval.","(-0.030899999663233757, -0.06375700235366821, -0.030928999185562134)","(0.030959999188780785, 0.02660300023853779, 0.030928999185562134)"
IndustrialPart,IndustrialPart.n.22,/media/simple/another_Documents/isaacsim_assets/device_data/usdz/Part/T073.usd,DNA:D_{J}(do),"Functional Features: This object is a vacuum suction or adsorption component. Functionally, it is used to grip, seal, lift, or cushion workpieces by creating contact pressure or vacuum force. It is suitable for pick-and-place robots, packaging lines, electronics assembly, logistics sorting, glass or plastic handling, and automated feeding systems where non-destructive temporary gripping is needed.
Visual Features: Visually, the model presents a dark green bellows suction cup with stacked flexible rings and a blue contact base. The material appears to mix rubber, silicone, plastic, and small metal inserts, with flexible bellows, soft contact lips, glossy or frosted surfaces, and threaded connector areas for vacuum hardware. Overall, the simplified CAD-style geometry emphasizes the part's working clearances, connection points, and installation orientation for downstream scene construction and retrieval.","(-0.02260899916291237, -0.043859001249074936, 0.0)","(0.02260899916291237, 0.043859001249074936, 0.07162900269031525)"
IndustrialPart,IndustrialPart.n.23,/media/simple/another_Documents/isaacsim_assets/device_data/usdz/Part/T074.usd,DNA:D_{J}(dp),"Functional Features: This object is an electronic enclosure or protective housing. Functionally, it is used to hold sensors, circuit boards, connectors, lamps, or small control modules while protecting them from dust, incidental impact, and handling damage. It is suitable for automation cabinets, robotic end effectors, inspection devices, warehouse equipment, and embedded machine-control stations where electronics need a compact protective shell.
Visual Features: Visually, the model presents a light gray C-shaped electronic bracket with bridge-like side walls, small tabs, and open central clearance. The material appears to be molded plastic, translucent resin, or coated metal, with smooth walls, rounded corners, shallow recesses, and clean molded or machined surfaces for compact device packaging. Overall, the simplified CAD-style geometry emphasizes the part's working clearances, connection points, and installation orientation for downstream scene construction and retrieval.","(-0.036410000175237656, -0.012771000154316425, -0.04269000142812729)","(0.024929000064730644, 0.012229000218212605, 0.04269000142812729)"
IndustrialPart,IndustrialPart.n.24,/media/simple/another_Documents/isaacsim_assets/device_data/usdz/Part/T075.usd,DNA:D_{J}(dq),"Functional Features: This object is an optical, sensing, or illumination-related component. Functionally, it is used to mount, protect, guide, or expose lenses, sensors, light paths, or inspection heads for machine vision and detection tasks. It is suitable for robotic perception, quality inspection, barcode reading, alignment stations, safety sensors, and automated workcells that depend on stable optical positioning.
Visual Features: Visually, the model presents a gray angled optical hood with a cylindrical body, diagonal cut face, and smooth metallic surface. The material appears to combine coated plastic, metal, and transparent lens-like elements, with smooth cylindrical apertures, dark inner openings, and clean surfaces that help control light and sensor alignment. Overall, the simplified CAD-style geometry emphasizes the part's working clearances, connection points, and installation orientation for downstream scene construction and retrieval.","(-0.03849999979138374, -0.03552300110459328, -0.038499001413583755)","(0.03849999979138374, 0.04797700047492981, 0.038499001413583755)"
IndustrialPart,IndustrialPart.n.25,/media/simple/another_Documents/isaacsim_assets/device_data/usdz/Part/T076.usd,DNA:D_{J}(dr),"Functional Features: This object is a vacuum suction or adsorption component. Functionally, it is used to grip, seal, lift, or cushion workpieces by creating contact pressure or vacuum force. It is suitable for pick-and-place robots, packaging lines, electronics assembly, logistics sorting, glass or plastic handling, and automated feeding systems where non-destructive temporary gripping is needed.
Visual Features: Visually, the model presents an orange oval suction pad with layered rubber-like base and a central metal threaded insert. The material appears to mix rubber, silicone, plastic, and small metal inserts, with flexible bellows, soft contact lips, glossy or frosted surfaces, and threaded connector areas for vacuum hardware. Overall, the simplified CAD-style geometry emphasizes the part's working clearances, connection points, and installation orientation for downstream scene construction and retrieval.","(-0.020999999716877937, -0.04100000113248825, -0.01422099955379963)","(0.020999999716877937, 0.04100000113248825, 0.02277900092303753)"
IndustrialPart,IndustrialPart.n.26,/media/simple/another_Documents/isaacsim_assets/device_data/usdz/Part/T077.usd,DNA:D_{J}(ds),"Functional Features: This object is a vacuum suction or adsorption component. Functionally, it is used to grip, seal, lift, or cushion workpieces by creating contact pressure or vacuum force. It is suitable for pick-and-place robots, packaging lines, electronics assembly, logistics sorting, glass or plastic handling, and automated feeding systems where non-destructive temporary gripping is needed.
Visual Features: Visually, the model presents a white ribbed suction nozzle with repeated ring steps, a hollow front opening, and a short cylindrical neck. The material appears to mix rubber, silicone, plastic, and small metal inserts, with flexible bellows, soft contact lips, glossy or frosted surfaces, and threaded connector areas for vacuum hardware. Overall, the simplified CAD-style geometry emphasizes the part's working clearances, connection points, and installation orientation for downstream scene construction and retrieval.","(-0.02160000056028366, -0.036906998604536057, -0.021599000319838524)","(0.02160000056028366, 0.04349299892783165, 0.021599000319838524)"
IndustrialPart,IndustrialPart.n.27,/media/simple/another_Documents/isaacsim_assets/device_data/usdz/Part/T078.usd,DNA:D_{J}(dt),"Functional Features: This object is an optical, sensing, or illumination-related component. Functionally, it is used to mount, protect, guide, or expose lenses, sensors, light paths, or inspection heads for machine vision and detection tasks. It is suitable for robotic perception, quality inspection, barcode reading, alignment stations, safety sensors, and automated workcells that depend on stable optical positioning.
Visual Features: Visually, the model presents a silver optical channel or guide rail with folded vertical walls, open center, and extruded aluminum-like faces. The material appears to combine coated plastic, metal, and transparent lens-like elements, with smooth cylindrical apertures, dark inner openings, and clean surfaces that help control light and sensor alignment. Overall, the simplified CAD-style geometry emphasizes the part's working clearances, connection points, and installation orientation for downstream scene construction and retrieval.","(-0.023562999442219734, -0.024762999266386032, -0.03999999910593033)","(0.023562999442219734, 0.017237000167369843, 0.03999999910593033)"
IndustrialPart,IndustrialPart.n.28,/media/simple/another_Documents/isaacsim_assets/device_data/usdz/Part/T079.usd,DNA:D_{J}(du),"Functional Features: This object is a vacuum suction or adsorption component. Functionally, it is used to grip, seal, lift, or cushion workpieces by creating contact pressure or vacuum force. It is suitable for pick-and-place robots, packaging lines, electronics assembly, logistics sorting, glass or plastic handling, and automated feeding systems where non-destructive temporary gripping is needed.
Visual Features: Visually, the model presents a blue-white bellows suction cup with a hexagonal upper connector, central threaded post, and stacked flexible rings. The material appears to mix rubber, silicone, plastic, and small metal inserts, with flexible bellows, soft contact lips, glossy or frosted surfaces, and threaded connector areas for vacuum hardware. Overall, the simplified CAD-style geometry emphasizes the part's working clearances, connection points, and installation orientation for downstream scene construction and retrieval.","(-0.02800000086426735, -0.03500000014901161, -0.03603599965572357)","(0.02800000086426735, 0.03500000014901161, 0.04196399822831154)"
